input_id	dealiased_id	standard_id	short_id
DOI:10.1038/s41565-023-01462-8	DOI:10.1038/s41565-023-01462-8	doi:10.1038/s41565-023-01462-8	tzsjhzo9
DOI:10.1021/jacs.2c13465	DOI:10.1021/jacs.2c13465	doi:10.1021/jacs.2c13465	dZHIMQZQ
DOI:10.1038/nnano.2016.267	DOI:10.1038/nnano.2016.267	doi:10.1038/nnano.2016.267	XUmjaJtI
DOI:10.1021/jacs.1c11758	DOI:10.1021/jacs.1c11758	doi:10.1021/jacs.1c11758	vmYTdWAl
DOI:10.1038/nbt.4278	DOI:10.1038/nbt.4278	doi:10.1038/nbt.4278	rpZdECmv
DOI:10.1126/science.2675315	DOI:10.1126/science.2675315	doi:10.1126/science.2675315	4Ajjx5fo
DOI:10.1002/rcm.1290020802	DOI:10.1002/rcm.1290020802	doi:10.1002/rcm.1290020802	15Ye4Za7Y
PMID:24226387	PMID:24226387	pubmed:24226387	pG7zq91Q
DOI:10.1021/ac010617e	DOI:10.1021/ac010617e	doi:10.1021/ac010617e	ujahSo3G
DOI:10.1021/ac0341261	DOI:10.1021/ac0341261	doi:10.1021/ac0341261	mw5jxASm
DOI:10.1038/nmeth1019	DOI:10.1038/nmeth1019	doi:10.1038/nmeth1019	15RjczuIy
DOI:10.1038/nature19949	DOI:10.1038/nature19949	doi:10.1038/nature19949	16QSCuG38
DOI:10.1021/ja973655h	DOI:10.1021/ja973655h	doi:10.1021/ja973655h	UsGpigc0
DOI:10.1038/nmeth.2369	DOI:10.1038/nmeth.2369	doi:10.1038/nmeth.2369	6a8Xt7SG
DOI:10.1021/ac0415657	DOI:10.1021/ac0415657	doi:10.1021/ac0415657	6hFikhYz
DOI:10.1039/C9MO00154A	DOI:10.1039/C9MO00154A	doi:10.1039/c9mo00154a	a6Z8FNxW
DOI:10.1126/science.aat1884	DOI:10.1126/science.aat1884	doi:10.1126/science.aat1884	h00Trxkt
DOI:10.1038/nchembio.2576	DOI:10.1038/nchembio.2576	doi:10.1038/nchembio.2576	oe85BKlv
DOI:10.1021/acs.analchem.7b04747	DOI:10.1021/acs.analchem.7b04747	doi:10.1021/acs.analchem.7b04747	CwZoo7w
DOI:10.1038/s41592-020-00999-z	DOI:10.1038/s41592-020-00999-z	doi:10.1038/s41592-020-00999-z	pRTFSroJ
DOI:10.1021/acs.analchem.2c02249	DOI:10.1021/acs.analchem.2c02249	doi:10.1021/acs.analchem.2c02249	DqzDdsRo
DOI:10.1101/2023.06.26.546628	DOI:10.1101/2023.06.26.546628	doi:10.1101/2023.06.26.546628	1339IM4Kb
PMID:36318223	PMID:36318223	pubmed:36318223	JTW0FD8g
DOI:10.1038/msb.2011.82	DOI:10.1038/msb.2011.82	doi:10.1038/msb.2011.82	Iei0Ms6X
DOI:10.1016/j.cell.2020.08.036	DOI:10.1016/j.cell.2020.08.036	doi:10.1016/j.cell.2020.08.036	OQN3Pb5c
DOI:10.1038/s41587-023-01714-x	DOI:10.1038/s41587-023-01714-x	doi:10.1038/s41587-023-01714-x	i4DXPyG5
doi:10.1093/database/baab012	doi:10.1093/database/baab012	doi:10.1093/database/baab012	m2ZOJt1R
PMID:33826699	PMID:33826699	pubmed:33826699	uLIaWFNx
PMID:24217768	PMID:24217768	pubmed:24217768	OEP3MV7r
PMID:23887885	PMID:23887885	pubmed:23887885	fAHUecLj
DOI:10.1042/BCJ20220251	DOI:10.1042/BCJ20220251	doi:10.1042/bcj20220251	yYHlJgbC
PMID:28656226	PMID:28656226	pubmed:28656226	e078CIsS
PMID:23088365	PMID:23088365	pubmed:23088365	oTq7yQcv
PMID:11368354	PMID:11368354	pubmed:11368354	1DDSEV4N5
PMID:16738015	PMID:16738015	pubmed:16738015	1CHaUvQ1A
PMID:26601932	PMID:26601932	pubmed:26601932	M4mSYOgE
PMID:29079793	PMID:29079793	pubmed:29079793	4iAess79
PMID:30251702	PMID:30251702	pubmed:30251702	blcqlkZJ
PMID:22288421	PMID:22288421	pubmed:22288421	V8FVI0EN
PMID:18846099	PMID:18846099	pubmed:18846099	889bLrDQ
doi:10.1038/s41570-020-00223-8	doi:10.1038/s41570-020-00223-8	doi:10.1038/s41570-020-00223-8	1FiLH8A0G
PMID:11062466	PMID:11062466	pubmed:11062466	fzBRT8ZP
PMID:12323352	PMID:12323352	pubmed:12323352	Wcw3KfEB
PMID:35613471	PMID:35613471	pubmed:35613471	QjEZsYB2
doi:10.1146/annurev-biochem-072711-164947	doi:10.1146/annurev-biochem-072711-164947	doi:10.1146/annurev-biochem-072711-164947	nOIi7YMn
doi:10.1007/s12013-021-00970-5	doi:10.1007/s12013-021-00970-5	doi:10.1007/s12013-021-00970-5	aq0DyuaG
PMID:34265844	PMID:34265844	pubmed:34265844	vsPwR5xs
PMID:37732824	PMID:37732824	pubmed:37732824	11Etsn1JV
DOI:10.1111/j.2517-6161.1995.tb02031.x	DOI:10.1111/j.2517-6161.1995.tb02031.x	doi:10.1111/j.2517-6161.1995.tb02031.x	UeFCwwR7
DOI:10.1016/j.cbpa.2009.07.026	DOI:10.1016/j.cbpa.2009.07.026	doi:10.1016/j.cbpa.2009.07.026	13Yxz6MsM
doi:10.1073/pnas.0609836104	doi:10.1073/pnas.0609836104	doi:10.1073/pnas.0609836104	E5n1UfBA
doi:10.1038/msb4100182	doi:10.1038/msb4100182	doi:10.1038/msb4100182	N0xHE81w
doi:10.4049/jimmunol.176.5.2833	doi:10.4049/jimmunol.176.5.2833	doi:10.4049/jimmunol.176.5.2833	4q5oxW6
doi:10.1126/scisignal.2000007	doi:10.1126/scisignal.2000007	doi:10.1126/scisignal.2000007	1E7oJsvFz
doi:10.1016/j.copbio.2008.06.006	doi:10.1016/j.copbio.2008.06.006	doi:10.1016/j.copbio.2008.06.006	EiFGJCed
doi:10.1038/s43586-022-00128-4	doi:10.1038/s43586-022-00128-4	doi:10.1038/s43586-022-00128-4	PNr94DXb
doi:10.1093/glycob/cww086	doi:10.1093/glycob/cww086	doi:10.1093/glycob/cww086	MH9QSnbc
doi:10.1016/j.cell.2006.08.019	doi:10.1016/j.cell.2006.08.019	doi:10.1016/j.cell.2006.08.019	nSDlzuSO
doi:10.1146/annurev-neuro-071714-034019	doi:10.1146/annurev-neuro-071714-034019	doi:10.1146/annurev-neuro-071714-034019	buMJaA2S
doi:10.1038/nmeth.1322	doi:10.1038/nmeth.1322	doi:10.1038/nmeth.1322	Iygi3cGd
doi:10.1002/pmic.201300553	doi:10.1002/pmic.201300553	doi:10.1002/pmic.201300553	1FU2NfVYY
doi:10.1074/mcp.TIR118.001270	doi:10.1074/mcp.TIR118.001270	doi:10.1074/mcp.tir118.001270	yO8bBfo8
doi:10.1021/acs.jproteome.8b00505	doi:10.1021/acs.jproteome.8b00505	doi:10.1021/acs.jproteome.8b00505	7zlczgkb
doi:10.1021/acs.analchem.0c04726	doi:10.1021/acs.analchem.0c04726	doi:10.1021/acs.analchem.0c04726	t0hz9mu6
doi:10.26434/chemrxiv.13487364.v1	doi:10.26434/chemrxiv.13487364.v1	doi:10.26434/chemrxiv.13487364.v1	VTprpeAT
DOI:10.1074/mcp.M113.034710	DOI:10.1074/mcp.M113.034710	doi:10.1074/mcp.m113.034710	yeQvImXS
doi:10.1016/j.ymeth.2015.06.010	doi:10.1016/j.ymeth.2015.06.010	doi:10.1016/j.ymeth.2015.06.010	waP2bBmk
doi:10.1021/jasms.9b00085	doi:10.1021/jasms.9b00085	doi:10.1021/jasms.9b00085	XYcoBTz1
DOI:10.1021/acs.analchem.7b04431	DOI:10.1021/acs.analchem.7b04431	doi:10.1021/acs.analchem.7b04431	v6mVdK34
DOI:10.1074/mcp.M114.042630	DOI:10.1074/mcp.M114.042630	doi:10.1074/mcp.m114.042630	JnaXzrse
DOI:10.1038/nmeth.2099	DOI:10.1038/nmeth.2099	doi:10.1038/nmeth.2099	KW2lStHJ
PMID:25812159	PMID:25812159	pubmed:25812159	10TqPZVdy
PMID:36629399	PMID:36629399	pubmed:36629399	KIekIPp9
doi:10.1038/nmeth.1192	doi:10.1038/nmeth.1192	doi:10.1038/nmeth.1192	jq9D2t6h
doi:doi.org/10.1038/nmeth.3603	doi:doi.org/10.1038/nmeth.3603	doi:doi.org/10.1038/nmeth.3603	19ZFgWCt6
PMID:27302480	PMID:27302480	pubmed:27302480	1F05pgVZ9
PMID:30525651	PMID:30525651	pubmed:30525651	1EF7o7CB4
doi:10.1021/ja026939x	doi:10.1021/ja026939x	doi:10.1021/ja026939x	RInMQu7q
doi:10.1038/s41592-019-0459-y	doi:10.1038/s41592-019-0459-y	doi:10.1038/s41592-019-0459-y	1Dqlo9aRm
doi:10.1039/C0CS00113A	doi:10.1039/C0CS00113A	doi:10.1039/c0cs00113a	cZM0UPqp
PMID:5333290	PMID:5333290	pubmed:5333290	SZzVEJCj
doi:10.1017/S0033583500005217	doi:10.1017/S0033583500005217	doi:10.1017/s0033583500005217	H647Pppu
doi:10.1586/epr.10.109	doi:10.1586/epr.10.109	doi:10.1586/epr.10.109	1CHLgMzps
doi:/10.1007/s13361-012-0377-z	doi:/10.1007/s13361-012-0377-z	doi:/10.1007/s13361-012-0377-z	19wzQMZwm
doi:10.4155/bio.15.46	doi:10.4155/bio.15.46	doi:10.4155/bio.15.46	m2HWEBQZ
DOI:10.1021/ac0710782	DOI:10.1021/ac0710782	doi:10.1021/ac0710782	whtWKxfa
doi:10.1021/cr0682047	doi:10.1021/cr0682047	doi:10.1021/cr0682047	17FfyYJKn
DOI:10.1021/ac200567u	DOI:10.1021/ac200567u	doi:10.1021/ac200567u	dyFOYdP5
doi:10.1016/j.cbpa.2005.02.009	doi:10.1016/j.cbpa.2005.02.009	doi:10.1016/j.cbpa.2005.02.009	8tWrfuT2
doi:10.1002/0471142700.nc0607s07	doi:10.1002/0471142700.nc0607s07	doi:10.1002/0471142700.nc0607s07	b8XE9cl8
doi:10.1093/nar/gkz089	doi:10.1093/nar/gkz089	doi:10.1093/nar/gkz089	14ACSyAnR
doi:10.1002/9781118970195.ch15	doi:10.1002/9781118970195.ch15	doi:10.1002/9781118970195.ch15	muDfX3XR
doi:10.1016/j.elecom.2021.106970	doi:10.1016/j.elecom.2021.106970	doi:10.1016/j.elecom.2021.106970	zy4wero
doi:10.1021/es903739f	doi:10.1021/es903739f	doi:10.1021/es903739f	bAhX0GGr
doi:10.1016/j.jprot.2013.02.014	doi:10.1016/j.jprot.2013.02.014	doi:10.1016/j.jprot.2013.02.014	GyzG2odq
doi:10.1016/j.ifset.2022.103055	doi:10.1016/j.ifset.2022.103055	doi:10.1016/j.ifset.2022.103055	tcDiyhQT
doi:10.1016/j.jprot.2017.09.005	doi:10.1016/j.jprot.2017.09.005	doi:10.1016/j.jprot.2017.09.005	gryR5tjl
doi:10.1016/j.ijfoodmicro.2018.12.017	doi:10.1016/j.ijfoodmicro.2018.12.017	doi:10.1016/j.ijfoodmicro.2018.12.017	43HI8GWO
doi:10.1016/j.jasms.2005.09.008	doi:10.1016/j.jasms.2005.09.008	doi:10.1016/j.jasms.2005.09.008	pFnbzp8Y
doi:10.1074/jbc.REV119.006218	doi:10.1074/jbc.REV119.006218	doi:10.1074/jbc.rev119.006218	IH1lj0uY
doi:10.1016/j.ijms.2006.08.018	doi:10.1016/j.ijms.2006.08.018	doi:10.1016/j.ijms.2006.08.018	cMJbHB1a
doi:10.1002/pro.3408	doi:10.1002/pro.3408	doi:10.1002/pro.3408	LgS9wDAM
doi:10.1021/ac901054w	doi:10.1021/ac901054w	doi:10.1021/ac901054w	sqSJTywu
doi:10.1038/ncomms5413	doi:10.1038/ncomms5413	doi:10.1038/ncomms5413	sZQji0TC
doi:10.1074/jbc.RA118.007310	doi:10.1074/jbc.RA118.007310	doi:10.1074/jbc.ra118.007310	17xQ2aw0Q
doi:10.1016/j.tibs.2020.05.006	doi:10.1016/j.tibs.2020.05.006	doi:10.1016/j.tibs.2020.05.006	gdTpkDDu
DOI:10.1038/nprot.2017.100	DOI:10.1038/nprot.2017.100	doi:10.1038/nprot.2017.100	xTQMmTt5
doi:10.1038/s41596-022-00771-x	doi:10.1038/s41596-022-00771-x	doi:10.1038/s41596-022-00771-x	6IZfi1O
doi:10.1038/nprot.2017.100	doi:10.1038/nprot.2017.100	doi:10.1038/nprot.2017.100	xTQMmTt5
doi:10.1073/pnas.2300309120	doi:10.1073/pnas.2300309120	doi:10.1073/pnas.2300309120	UETOKcpN
url:https://www.eubopen.org/sites/www.eubopen.org/files/attachments/2022/LiP-MS%20protocol.pdf	url:https://www.eubopen.org/sites/www.eubopen.org/files/attachments/2022/LiP-MS%20protocol.pdf	url:https://www.eubopen.org/sites/www.eubopen.org/files/attachments/2022/LiP-MS%20protocol.pdf	1BxnTxtGI
PMID:23828940	PMID:23828940	pubmed:23828940	1HcZz8Apd
doi:10.1016/j.cbpa.2019.11.004	doi:10.1016/j.cbpa.2019.11.004	doi:10.1016/j.cbpa.2019.11.004	rMCVhIUo
doi:10.15252/msb.20199232	doi:10.15252/msb.20199232	doi:10.15252/msb.20199232	JOskUci
doi:10.1016/j.cbpa.2022.102225	doi:10.1016/j.cbpa.2022.102225	doi:10.1016/j.cbpa.2022.102225	8UcGwfym
doi:10.1021/jacs.1c10621	doi:10.1021/jacs.1c10621	doi:10.1021/jacs.1c10621	89c9sDdK
doi:10.1002/9781118970195.ch11	doi:10.1002/9781118970195.ch11	doi:10.1002/9781118970195.ch11	Ssg2QwSE
doi:10.1002/iub.1081	doi:10.1002/iub.1081	doi:10.1002/iub.1081	ieBDHPPg
doi:10.1038/nrg3356	doi:10.1038/nrg3356	doi:10.1038/nrg3356	DORXXewQ
doi:10.1038/nmeth.2400	doi:10.1038/nmeth.2400	doi:10.1038/nmeth.2400	1BsZO9WFn
DOI:10.1016/j.cell.2015.06.043	DOI:10.1016/j.cell.2015.06.043	doi:10.1016/j.cell.2015.06.043	yeZfXPV6
DOI:10.1038/nature22366	DOI:10.1038/nature22366	doi:10.1038/nature22366	m46yvHfn
DOI:10.1016/j.cell.2021.04.011	DOI:10.1016/j.cell.2021.04.011	doi:10.1016/j.cell.2021.04.011	VMc1jEkd
doi:10.1038/nbt.2375	doi:10.1038/nbt.2375	doi:10.1038/nbt.2375	LkwAXvyl
DOI:10.1126/science.1230593	DOI:10.1126/science.1230593	doi:10.1126/science.1230593	1BbkEbfDz
DOI:10.1016/j.molcel.2014.06.003	DOI:10.1016/j.molcel.2014.06.003	doi:10.1016/j.molcel.2014.06.003	D5NLgmhd
DOI:10.1083/jcb.201112098	DOI:10.1083/jcb.201112098	doi:10.1083/jcb.201112098	zSgLeSta
doi:10.1074/mcp.R120.001941	doi:10.1074/mcp.R120.001941	doi:10.1074/mcp.r120.001941	NFFhvScy
doi:10.1002/pmic.201600123	doi:10.1002/pmic.201600123	doi:10.1002/pmic.201600123	1FVEjFnHE
doi:10.1091/mbc.E15-12-0844	doi:10.1091/mbc.E15-12-0844	doi:10.1091/mbc.e15-12-0844	jJJVaczi
doi:10.1007/978-1-4939-8814-3_10	doi:10.1007/978-1-4939-8814-3_10	doi:10.1007/978-1-4939-8814-3_10	sas7Wv3H
isbn:978-0-12-374536-1	isbn:978-0-12-374536-1	isbn:9780123745361	emz5eXnO
isbn:978-1-59745-198-7	isbn:978-1-59745-198-7	isbn:9781597451987	LvSVXQeu
PMID:19892162	PMID:19892162	pubmed:19892162	YFivV9n5
ISBN:0879695544	ISBN:0879695544	isbn:9780879695545	PUTrxDaK
ISBN:9780879695545	ISBN:9780879695545	isbn:9780879695545	PUTrxDaK
PMID:16152629	PMID:16152629	pubmed:16152629	OZvOVLht
PMID:20722421	PMID:20722421	pubmed:20722421	bpTXhTR5
PMID:31249407	PMID:31249407	pubmed:31249407	Igj2yRI0
PMID:24161613	PMID:24161613	pubmed:24161613	B8hLhFif
PMID:21364760	PMID:21364760	pubmed:21364760	G9HWYdpG
PMID:10504710	PMID:10504710	pubmed:10504710	15gFWnWy1
PMID:25589168	PMID:25589168	pubmed:25589168	12BtFuhxe
PMID:33232116	PMID:33232116	pubmed:33232116	1FdkzkZPe
PMID:21280217	PMID:21280217	pubmed:21280217	KbqdsNwY
PMID:23555778	PMID:23555778	pubmed:23555778	1FX8gYsTy
PMID:17022626	PMID:17022626	pubmed:17022626	7nXVfPN7
PMID:29726681	PMID:29726681	pubmed:29726681	EZCh7C0x
PMID:23792921	PMID:23792921	pubmed:23792921	EK9zCZWn
PMID:25664860	PMID:25664860	pubmed:25664860	Cj5ZGyu8
DOI:10.1080/10826068.2020.1728696	DOI:10.1080/10826068.2020.1728696	doi:10.1080/10826068.2020.1728696	17GoHwva3
PMID:21060726	PMID:21060726	pubmed:21060726	195QiKJpv
PMID:34002278	PMID:34002278	pubmed:34002278	4EGQHHdM
PMID:18429326	PMID:18429326	pubmed:18429326	wXcRYG3x
PMID:12703310	PMID:12703310	pubmed:12703310	DRVtai1B
DOI:10.1021/ac504689z	DOI:10.1021/ac504689z	doi:10.1021/ac504689z	7YHVbaDH
PMID:26342307	PMID:26342307	pubmed:26342307	qFKCAO2X
PMID:30234128	PMID:30234128	pubmed:30234128	jQLWiiId
PMID:29019370	PMID:29019370	pubmed:29019370	OglKN2v5
PMID:15351294	PMID:15351294	pubmed:15351294	2cCnZ6ft
PMID:28539326	PMID:28539326	pubmed:28539326	9vICnnYM
PMID:32132231	PMID:32132231	pubmed:32132231	GkFAexwC
PMID:28445428	PMID:28445428	pubmed:28445428	Z6nk0TFI
PMID:23074338	PMID:23074338	pubmed:23074338	s4OLOlUG
PMID:14753699	PMID:14753699	pubmed:14753699	xvenBhjQ
PMID:19892180	PMID:19892180	pubmed:19892180	OMzPHtgd
PMID:33750040	PMID:33750040	pubmed:33750040	Llj72YHx
PMID:19377485	PMID:19377485	pubmed:19377485	rWTbDNu2
PMID:30259475	PMID:30259475	pubmed:30259475	bkON7ZR2
PMID:3117935	PMID:3117935	pubmed:3117935	29YpOcx3
PMID:28948796	PMID:28948796	pubmed:28948796	R9HFU5Rw
PMID:30833379	PMID:30833379	pubmed:30833379	2ZApD7In
PMID:29754492	PMID:29754492	pubmed:29754492	IRVtdB7A
PMID:18183947	PMID:18183947	pubmed:18183947	GcubNF0j
PMID:10075906	PMID:10075906	pubmed:10075906	1F0WRIEv4
PMID:3843705	PMID:3843705	pubmed:3843705	MgeRCWZg
PMID:7951748	PMID:7951748	pubmed:7951748	7aeNLPmC
PMID:942051	PMID:942051	pubmed:942051	10DIgRvDQ
PMID:32238597	PMID:32238597	pubmed:32238597	L2cR80nH
PMID:6744121	PMID:6744121	pubmed:6744121	2lZxrpnu
PMID:34533299	PMID:34533299	pubmed:34533299	q1g1rJrT
PMID:25837572	PMID:25837572	pubmed:25837572	NLQoCcYj
PMID:9025944	PMID:9025944	pubmed:9025944	iRPPTjzF
DOI:10.1002/mas.21376	DOI:10.1002/mas.21376	doi:10.1002/mas.21376	vpBg0CP7
PMID:20113005	PMID:20113005	pubmed:20113005	16FpKYZCe
PMID:25823410	PMID:25823410	pubmed:25823410	lSFMVWD1
PMID:30687733	PMID:30687733	pubmed:30687733	10vHwy5gN
DOI:10.1155/2014/960902	DOI:10.1155/2014/960902	doi:10.1155/2014/960902	y9KaXde4
PMID:12643544	PMID:12643544	pubmed:12643544	7aKTZT1i
PMID:27123950	PMID:27123950	pubmed:27123950	gXhdeFOF
pmid:31615963	pmid:31615963	pubmed:31615963	14bc70ELO
pmid:30622160	pmid:30622160	pubmed:30622160	zmo81rNN
pmid:29990557	pmid:29990557	pubmed:29990557	IZw9sVjg
doi:10.1016/j.actatropica.2022.106324	doi:10.1016/j.actatropica.2022.106324	doi:10.1016/j.actatropica.2022.106324	19KCAADV7
DOI:10.1021/pr400173d	DOI:10.1021/pr400173d	doi:10.1021/pr400173d	7BuX2TBR
PMID:30336047	PMID:30336047	pubmed:30336047	1GLf6FYas
DOI:10.1021/acs.jproteome.9b00330	DOI:10.1021/acs.jproteome.9b00330	doi:10.1021/acs.jproteome.9b00330	WubQ7yFP
DOI:10.1021/acs.jproteome.1c00115	DOI:10.1021/acs.jproteome.1c00115	doi:10.1021/acs.jproteome.1c00115	Ac0S3PrF
DOI:10.3390/ijms20225630	DOI:10.3390/ijms20225630	doi:10.3390/ijms20225630	P861T4mW
DOI:10.1074/mcp.M113.035170	DOI:10.1074/mcp.M113.035170	doi:10.1074/mcp.m113.035170	14eCb7Jfc
DOI:10.1016/j.celrep.2015.05.029	DOI:10.1016/j.celrep.2015.05.029	doi:10.1016/j.celrep.2015.05.029	18s9UXUGf
PMID:6359954	PMID:6359954	pubmed:6359954	ZgqlEERS
PMID:23017020	PMID:23017020	pubmed:23017020	nobcST81
PMID:3053694	PMID:3053694	pubmed:3053694	oDNy6K9V
DOI:10.1074/mcp.m113.034710	DOI:10.1074/mcp.m113.034710	doi:10.1074/mcp.m113.034710	yeQvImXS
PMID:4627743	PMID:4627743	pubmed:4627743	UeP5oN6q
PMID:26748652	PMID:26748652	pubmed:26748652	FcovvAwu
PMID:2669754	PMID:2669754	pubmed:2669754	Z8khRFem
PMID:3555886	PMID:3555886	pubmed:3555886	129jHkJ7J
PMID:24870543	PMID:24870543	pubmed:24870543	n8tCUNeh
PMID:24696503	PMID:24696503	pubmed:24696503	Ddlp2JQj
PMID:24290761	PMID:24290761	pubmed:24290761	VbXzZ784
PMID:22669647	PMID:22669647	pubmed:22669647	1BDWCCTHa
PMID:4332560	PMID:4332560	pubmed:4332560	qJADzs4
PMID:25419962	PMID:25419962	pubmed:25419962	MqKkSQNK
PMID:19195997	PMID:19195997	pubmed:19195997	3xdcLBaR
PMID:18425140	PMID:18425140	pubmed:18425140	O6S1GvPn
PMID:20953479	PMID:20953479	pubmed:20953479	8DGqkN3D
PMID:12089768	PMID:12089768	pubmed:12089768	eMC9mqfj
PMID:19872561	PMID:19872561	pubmed:19872561	pnU7apE
PMID:19872562	PMID:19872562	pubmed:19872562	9Yf3fEMC
PMID:17758437	PMID:17758437	pubmed:17758437	10CHY6r2E
URL:https://www.nobelprize.org/prizes/chemistry/1946/speedread	URL:https://www.nobelprize.org/prizes/chemistry/1946/speedread	url:https://www.nobelprize.org/prizes/chemistry/1946/speedread	1EtaxGZW0
PMID:12476442	PMID:12476442	pubmed:12476442	itW7kK3s
PMID:24980484	PMID:24980484	pubmed:24980484	Vske1oHJ
DOI:10.1021/ac902477u	DOI:10.1021/ac902477u	doi:10.1021/ac902477u	Azi1X1R4
DOI:10.1002/mas.21565	DOI:10.1002/mas.21565	doi:10.1002/mas.21565	1nMCmYmb
PMID:4373242	PMID:4373242	pubmed:4373242	YOXX6An6
DOI:https://doi.org/10.1016/B978-0-12-382219-2.00714-6	DOI:https://doi.org/10.1016/B978-0-12-382219-2.00714-6	doi:https://doi.org/10.1016/b978-0-12-382219-2.00714-6	1CgjQBy2S
PMID:29072706	PMID:29072706	pubmed:29072706	1BhNuatKH
PMID:5085985	PMID:5085985	pubmed:5085985	Ixo1jeWd
PMID:11673879	PMID:11673879	pubmed:11673879	dBvmYbi
DOI:10.1074/mcp.m200025-mcp200	DOI:10.1074/mcp.m200025-mcp200	doi:10.1074/mcp.m200025-mcp200	YTQzoOxb
DOI:10.1074/mcp.M111.014423	DOI:10.1074/mcp.M111.014423	doi:10.1074/mcp.m111.014423	1FOQ1H9mS
PMID:19300442	PMID:19300442	pubmed:19300442	Qqbj9JVK
DOI:10.1016/j.celrep.2013.01.003	DOI:10.1016/j.celrep.2013.01.003	doi:10.1016/j.celrep.2013.01.003	E7KmdZas
DOI:10.1038/nmeth.1647	DOI:10.1038/nmeth.1647	doi:10.1038/nmeth.1647	TGkcmyuH
DOI:10.1038/s41587-022-01389-w	DOI:10.1038/s41587-022-01389-w	doi:10.1038/s41587-022-01389-w	QipLkzBy
DOI:10.15252/msb.202211503	DOI:10.15252/msb.202211503	doi:10.15252/msb.202211503	ZhSU2auj
DOI:10.1007/s13361-016-1476-z	DOI:10.1007/s13361-016-1476-z	doi:10.1007/s13361-016-1476-z	WPmaUWBS
DOI:10.1021/ac0262560	DOI:10.1021/ac0262560	doi:10.1021/ac0262560	j9N2kPSr
DOI:10.1074/mcp.M400129-MCP200	DOI:10.1074/mcp.M400129-MCP200	doi:10.1074/mcp.m400129-mcp200	V8IykxaB
DOI:10.1021/ac902778d	DOI:10.1021/ac902778d	doi:10.1021/ac902778d	lbOXqNSw
DOI:10.1021/acs.analchem.9b04474	DOI:10.1021/acs.analchem.9b04474	doi:10.1021/acs.analchem.9b04474	12bJg7wN8
DOI:10.1021/acs.jproteome.1c00168	DOI:10.1021/acs.jproteome.1c00168	doi:10.1021/acs.jproteome.1c00168	1HEOHr3h0
DOI:10.1146/annurev-biodatasci-080917-013516	DOI:10.1146/annurev-biodatasci-080917-013516	doi:10.1146/annurev-biodatasci-080917-013516	16D3xg72c
PMID:25337643	PMID:25337643	pubmed:25337643	15rS5UMb9
PMID:26584918	PMID:26584918	pubmed:26584918	kIpNiFeU
PMID:22397766	PMID:22397766	pubmed:22397766	ESY1qR9T
DOI:10.1038/s41467-022-34919-w	DOI:10.1038/s41467-022-34919-w	doi:10.1038/s41467-022-34919-w	FMSpJgZ4
PMID:30967486	PMID:30967486	pubmed:30967486	OlzbV8x4
PMID:15385600	PMID:15385600	pubmed:15385600	JokZNPi7
DOI:10.1007/978-1-4939-3106-4_18	DOI:10.1007/978-1-4939-3106-4_18	doi:10.1007/978-1-4939-3106-4_18	ZPmx6w38
PMID:20593797	PMID:20593797	pubmed:20593797	43RxThXr
PMID:22594965	PMID:22594965	pubmed:22594965	1At6lP9vn
PMID:22926130	PMID:22926130	pubmed:22926130	5gl2gxA4
PMID:15775985	PMID:15775985	pubmed:15775985	t4QMhmYv
DOI:10.1021/acs.analchem.3c01155	DOI:10.1021/acs.analchem.3c01155	doi:10.1021/acs.analchem.3c01155	9irghCdu
PMID:21963607	PMID:21963607	pubmed:21963607	1GJhuH2mX
DOI:10.1021/ac502040v	DOI:10.1021/ac502040v	doi:10.1021/ac502040v	agiL3n2A
DOI:10.1021/acs.analchem.1c05398	DOI:10.1021/acs.analchem.1c05398	doi:10.1021/acs.analchem.1c05398	1EjowCoSS
DOI:https://doi.org/10.1021/acs.analchem.8b05399	DOI:https://doi.org/10.1021/acs.analchem.8b05399	doi:https://doi.org/10.1021/acs.analchem.8b05399	VW0HtJln
PMID:24152285	PMID:24152285	pubmed:24152285	ghHhZLY4
PMID:24926564	PMID:24926564	pubmed:24926564	RikGmYWm
PMID:22455665	PMID:22455665	pubmed:22455665	XS3gqf5Y
PMID:20218596	PMID:20218596	pubmed:20218596	WvWnJWa8
PMID:22404494	PMID:22404494	pubmed:22404494	OhLoelJI
PMID:20715779	PMID:20715779	pubmed:20715779	1FMnd7AHB
PMID:20019052	PMID:20019052	pubmed:20019052	1CFiIlIUn
PMID:24129742	PMID:24129742	pubmed:24129742	bHqseFm6
DOI:10.1126/scisignal.2002548	DOI:10.1126/scisignal.2002548	doi:10.1126/scisignal.2002548	1E4PqaQ4R
DOI:10.1021/acs.analchem.3c00906	DOI:10.1021/acs.analchem.3c00906	doi:10.1021/acs.analchem.3c00906	AP3g38e9
PMID:31074990	PMID:31074990	pubmed:31074990	KGUz4OlJ
PMID:32455206	PMID:32455206	pubmed:32455206	RdDAao5G
PMID:36854207	PMID:36854207	pubmed:36854207	TL5Hhri7
DOI:10.1021/pr9007738	DOI:10.1021/pr9007738	doi:10.1021/pr9007738	oFWp3zgI
PMID:25588721	PMID:25588721	pubmed:25588721	kwtDZh6G
PMID:25620666	PMID:25620666	pubmed:25620666	SOsi8PV2
PMID:24124127	PMID:24124127	pubmed:24124127	MmHm4JiO
PMID:27152368	PMID:27152368	pubmed:27152368	tQGfQU9D
PMID:22457332	PMID:22457332	pubmed:22457332	1CCC3i2yw
PMID:25871442	PMID:25871442	pubmed:25871442	a0wHWh6L
PMID:27765818	PMID:27765818	pubmed:27765818	EcjnY7Z5
PMID:27672675	PMID:27672675	pubmed:27672675	bnkhDKrK
PMID:30466063	PMID:30466063	pubmed:30466063	sUDoGv6r
DOI:10.1093/glycob/12.4.43R	DOI:10.1093/glycob/12.4.43R	doi:10.1093/glycob/12.4.43r	2h6JMw35
DOI:10.1016/j.cell.2006.08.019	DOI:10.1016/j.cell.2006.08.019	doi:10.1016/j.cell.2006.08.019	nSDlzuSO
DOI:10.1074/mcp.R120.002277	DOI:10.1074/mcp.R120.002277	doi:10.1074/mcp.r120.002277	DC1ukRtO
DOI:10.1007/978-1-0716-1241-5_8	DOI:10.1007/978-1-0716-1241-5_8	doi:10.1007/978-1-0716-1241-5_8	pgTlWbfO
DOI:10.1021/acs.jproteome.6b00849	DOI:10.1021/acs.jproteome.6b00849	doi:10.1021/acs.jproteome.6b00849	1Bj6B87md
DOI:10.1016/j.ab.2009.08.023	DOI:10.1016/j.ab.2009.08.023	doi:10.1016/j.ab.2009.08.023	3T8OfCLe
DOI:10.1016/j.bbapap.2014.05.002	DOI:10.1016/j.bbapap.2014.05.002	doi:10.1016/j.bbapap.2014.05.002	17QEVShGe
DOI:10.1039/C3RA42960A	DOI:10.1039/C3RA42960A	doi:10.1039/c3ra42960a	ZH7oVCIW
DOI:10.1021/acs.analchem.6b04343	DOI:10.1021/acs.analchem.6b04343	doi:10.1021/acs.analchem.6b04343	4qdFwSjo
PMID:26473910	PMID:26473910	pubmed:26473910	8FBpI8YZ
PMID:35227377	PMID:35227377	pubmed:35227377	FzJAr4ba
PMID:31819260	PMID:31819260	pubmed:31819260	ahQQ60nZ
PMID:11589691	PMID:11589691	pubmed:11589691	CG2bNzkD
PMID:19743430	PMID:19743430	pubmed:19743430	gPKAjoqC
PMID:32676006	PMID:32676006	pubmed:32676006	9tmuuRlu
PMID:24890697	PMID:24890697	pubmed:24890697	ZhEOEHzl
PMID:28283928	PMID:28283928	pubmed:28283928	IZ8H05sX
PMID:19816929	PMID:19816929	pubmed:19816929	1DdZgE3oc
PMID:30457327	PMID:30457327	pubmed:30457327	1AhoIVYp8
PMID:22002794	PMID:22002794	pubmed:22002794	2bm470Yr
DOI:10.1021/pr500893m	DOI:10.1021/pr500893m	doi:10.1021/pr500893m	OoEPX07F
PMID:35011700	PMID:35011700	pubmed:35011700	cXqDwSab
PMID:10424175	PMID:10424175	pubmed:10424175	vghskTda
PMID:16464107	PMID:16464107	pubmed:16464107	1Biu5x5kI
PMID:3085541	PMID:3085541	pubmed:3085541	GINSjn64
PMID:17480206	PMID:17480206	pubmed:17480206	tH2WxrEl
PMID:16252304	PMID:16252304	pubmed:16252304	LbRH4fW1
PMID:15966007	PMID:15966007	pubmed:15966007	f75VaG7P
PMID:15858219	PMID:15858219	pubmed:15858219	CkrjTtPg
PMID:26584922	PMID:26584922	pubmed:26584922	11CslpEEW
DOI:10.1006/abio.1996.0313	DOI:10.1006/abio.1996.0313	doi:10.1006/abio.1996.0313	SLLSf3H4
PMID:25394399	PMID:25394399	pubmed:25394399	Bij8Oa4F
PMID:28188522	PMID:28188522	pubmed:28188522	15ptCbE4S
PMID:22886815	PMID:22886815	pubmed:22886815	fPTYjwxV
PMID:20411586	PMID:20411586	pubmed:20411586	Hii2H7k2
PMID:27880036	PMID:27880036	pubmed:27880036	vuiYaWET
PMID:37668982	PMID:37668982	pubmed:37668982	1G78xLdle
PMID:35805136	PMID:35805136	pubmed:35805136	G33wPuEv
PMID:25059473	PMID:25059473	pubmed:25059473	LeABskLB
PMID:8633009	PMID:8633009	pubmed:8633009	xEkij3xI
PMID:15592455	PMID:15592455	pubmed:15592455	oN0RedlD
PMID:17525332	PMID:17525332	pubmed:17525332	11yMtXtzL
PMID:20736484	PMID:20736484	pubmed:20736484	nEmRnHBE
PMID:21963094	PMID:21963094	pubmed:21963094	fZ6aM0wq
PMID:21906983	PMID:21906983	pubmed:21906983	JMsurOWF
PMID:21890473	PMID:21890473	pubmed:21890473	11FwNutcB
PMID:19608861	PMID:19608861	pubmed:19608861	tWUlvotu
PMID:23201123	PMID:23201123	pubmed:23201123	36Wx4WMF
PMID:25953088	PMID:25953088	pubmed:25953088	bAU4w5zL
PMID:31087289	PMID:31087289	pubmed:31087289	RMueHUu6
DOI:10.1002/pmic.201800123	DOI:10.1002/pmic.201800123	doi:10.1002/pmic.201800123	58knZUn0
PMID:24129315	PMID:24129315	pubmed:24129315	I7T7nB5
PMID:28714690	PMID:28714690	pubmed:28714690	82ISyiE
PMID:19770167	PMID:19770167	pubmed:19770167	1CF6MyQQ3
PMID:15951569	PMID:15951569	pubmed:15951569	PgRmFpK6
PMID:36104770	PMID:36104770	pubmed:36104770	hAQepsrJ
PMID:34678516	PMID:34678516	pubmed:34678516	UV2xOP8u
DOI:10.1021/acs.jproteome.7b00623	DOI:10.1021/acs.jproteome.7b00623	doi:10.1021/acs.jproteome.7b00623	Zhiw1CQm
DOI:10.1016/j.cels.2020.10.003	DOI:10.1016/j.cels.2020.10.003	doi:10.1016/j.cels.2020.10.003	3DOhQZCg
PMID:20677825	PMID:20677825	pubmed:20677825	xwhmqv6G
PMID:16052628	PMID:16052628	pubmed:16052628	MZe4do4v
PMID:11694290	PMID:11694290	pubmed:11694290	CkoUIvms
PMID:24168355	PMID:24168355	pubmed:24168355	mxcAPQRD
PMID:2473373	PMID:2473373	pubmed:2473373	LonwNp1
PMID:2938951	PMID:2938951	pubmed:2938951	23zI8SGX
PMID:10805799	PMID:10805799	pubmed:10805799	LRMcEp9I
PMID:31617391	PMID:31617391	pubmed:31617391	gxra2RsF
PMID:27896769	PMID:27896769	pubmed:27896769	13El9kECw
PMID:18451796	PMID:18451796	pubmed:18451796	xeb6grTF
PMID:25384740	PMID:25384740	pubmed:25384740	1AFK16JwO
PMID:21963274	PMID:21963274	pubmed:21963274	hcs5DCXe
PMID:25083595	PMID:25083595	pubmed:25083595	jOj0DZcZ
PMID:27832179	PMID:27832179	pubmed:27832179	1DUeuj8TB
PMID:19454248	PMID:19454248	pubmed:19454248	jv9v3twJ
PMID:30219335	PMID:30219335	pubmed:30219335	a6kEMboa
PMID:23668981	PMID:23668981	pubmed:23668981	1KROnN78
DOI:10.1016/j.procbio.2010.07.007	DOI:10.1016/j.procbio.2010.07.007	doi:10.1016/j.procbio.2010.07.007	7cVO0ON7
DOI:10.1038/s41467-020-17033-7	DOI:10.1038/s41467-020-17033-7	doi:10.1038/s41467-020-17033-7	iOe9QsbS
DOI:10.1101/2023.08.28.555225	DOI:10.1101/2023.08.28.555225	doi:10.1101/2023.08.28.555225	37v9j349
DOI:10.1101/2023.06.10.544439	DOI:10.1101/2023.06.10.544439	doi:10.1101/2023.06.10.544439	1EP8DknKE
PMID:37693476	PMID:37693476	pubmed:37693476	d0vk8527
PMID:32699280	PMID:32699280	pubmed:32699280	12wGIM8jB
PMID:14697044	PMID:14697044	pubmed:14697044	nCqm9thz
PMID:20606758	PMID:20606758	pubmed:20606758	167ADUQ9x
PMID:20099258	PMID:20099258	pubmed:20099258	klXQ49fD
PMID:22665312	PMID:22665312	pubmed:22665312	18rJRCf42
PMID:20536156	PMID:20536156	pubmed:20536156	kPeMPVtT
PMID:17625912	PMID:17625912	pubmed:17625912	16XWFxoc3
PMID:15317408	PMID:15317408	pubmed:15317408	us64YkZ0
PMID:25692071	PMID:25692071	pubmed:25692071	nPfahhRa
DOI:10.1021/ac026117i	DOI:10.1021/ac026117i	doi:10.1021/ac026117i	TY5C1ch7
DOI:10.1038/nmeth.2834	DOI:10.1038/nmeth.2834	doi:10.1038/nmeth.2834	j0ZcPOCn
PMID:32129943	PMID:32129943	pubmed:32129943	SWsK5zPt
DOI:10.1002/pmic.201300553	DOI:10.1002/pmic.201300553	doi:10.1002/pmic.201300553	1FU2NfVYY
PMID:27868236	PMID:27868236	pubmed:27868236	ncGFPcxC
PMID:35777803	PMID:35777803	pubmed:35777803	Bm9Z2DVx
PMID:15672457	PMID:15672457	pubmed:15672457	L1FaRtpm
PMID:20973639	PMID:20973639	pubmed:20973639	GjvtcEz1
PMID:20031138	PMID:20031138	pubmed:20031138	1FrVJlffz
PMID:16224963	PMID:16224963	pubmed:16224963	1HPaIsist
PMID:22462785	PMID:22462785	pubmed:22462785	190oCO8Ki
PMID:3569294	PMID:3569294	pubmed:3569294	15mGcvpNQ
PMID:18264818	PMID:18264818	pubmed:18264818	g9BMjmYA
PMID:15459207	PMID:15459207	pubmed:15459207	KqYbI8ep
PMID:21879300	PMID:21879300	pubmed:21879300	16k9ga0WM
PMID:18428181	PMID:18428181	pubmed:18428181	nrDJzBh3
PMID:16849286	PMID:16849286	pubmed:16849286	Nk7uUlzO
PMID:18851748	PMID:18851748	pubmed:18851748	Qf7HZAh
PMID:17708596	PMID:17708596	pubmed:17708596	LSDxad5T
DOI:10.1021/ac070997p	DOI:10.1021/ac070997p	doi:10.1021/ac070997p	Kf2BNqap
DOI:10.1021/pr100037h	DOI:10.1021/pr100037h	doi:10.1021/pr100037h	1HJnUznNp
DOI:10.1016/j.aca.2009.03.041	DOI:10.1016/j.aca.2009.03.041	doi:10.1016/j.aca.2009.03.041	rNop1hIz
DOI:10.1373/49.7.1041	DOI:10.1373/49.7.1041	doi:10.1373/49.7.1041	71TlBiJy
DOI:10.1016/j.chroma.2012.06.098	DOI:10.1016/j.chroma.2012.06.098	doi:10.1016/j.chroma.2012.06.098	pRj1odLy
DOI:10.1016/j.aca.2010.02.001	DOI:10.1016/j.aca.2010.02.001	doi:10.1016/j.aca.2010.02.001	T9Yv2Omz
DOI:10.1016/j.chroma.2004.07.044	DOI:10.1016/j.chroma.2004.07.044	doi:10.1016/j.chroma.2004.07.044	WG5jq46X
DOI:10.1080/14786448208628425	DOI:10.1080/14786448208628425	doi:10.1080/14786448208628425	BslEV2vj
DOI:10.1021/pr050424y	DOI:10.1021/pr050424y	doi:10.1021/pr050424y	hwO7hkQN
URL:https://www.sciencedirect.com/science/article/abs/pii/0009250956800031	URL:https://www.sciencedirect.com/science/article/abs/pii/0009250956800031	url:https://www.sciencedirect.com/science/article/abs/pii/0009250956800031	156fxE3m7
PMID:37294184	PMID:37294184	pubmed:37294184	XQiQIxLc
DOI:10.1021/acs.analchem.2c02609	DOI:10.1021/acs.analchem.2c02609	doi:10.1021/acs.analchem.2c02609	dvtPvLcY
DOI:10.1021/acs.analchem.3c00213	DOI:10.1021/acs.analchem.3c00213	doi:10.1021/acs.analchem.3c00213	L2sT906m
DOI:10.1016/j.chroma.2005.09.080	DOI:10.1016/j.chroma.2005.09.080	doi:10.1016/j.chroma.2005.09.080	1Gtuii4F4
DOI:10.1038/85686	DOI:10.1038/85686	doi:10.1038/85686	1FnaHa1s9
DOI:10.1002/pmic.201000722	DOI:10.1002/pmic.201000722	doi:10.1002/pmic.201000722	dl5RDy6j
DOI:10.1021/acs.jproteome.2c00023	DOI:10.1021/acs.jproteome.2c00023	doi:10.1021/acs.jproteome.2c00023	44oI1g68
URL:https://www.nobelprize.org/prizes/chemistry/2002/summary	URL:https://www.nobelprize.org/prizes/chemistry/2002/summary	url:https://www.nobelprize.org/prizes/chemistry/2002/summary	YdLSljVE
URL:https://pubs.acs.org/doi/abs/10.1021/ac00291a042	URL:https://pubs.acs.org/doi/abs/10.1021/ac00291a042	url:https://pubs.acs.org/doi/abs/10.1021/ac00291a042	zfiYj2co
DOI:10.1021/ac00171a028	DOI:10.1021/ac00171a028	doi:10.1021/ac00171a028	tnQHCFV7
URL:https://web.archive.org/web/20070517202246/http://cmbi.bjmu.edu.cn/news/0212/55.htm	URL:https://web.archive.org/web/20070517202246/http://cmbi.bjmu.edu.cn/news/0212/55.htm	url:https://web.archive.org/web/20070517202246/http://cmbi.bjmu.edu.cn/news/0212/55.htm	1HBJs2tAB
PMID:23681820	PMID:23681820	pubmed:23681820	5ZJdaya1
DOI:10.1021/cr010375i	DOI:10.1021/cr010375i	doi:10.1021/cr010375i	wGHAVD9r
DOI:10.1021/ac00099a029	DOI:10.1021/ac00099a029	doi:10.1021/ac00099a029	DEnAe0bs
PMID:22610994	PMID:22610994	pubmed:22610994	11vyuKWyw
PMID:19551695	PMID:19551695	pubmed:19551695	4mpHldYP
PMID:23134552	PMID:23134552	pubmed:23134552	93IPP3bH
DOI:10.1021/ac8013065	DOI:10.1021/ac8013065	doi:10.1021/ac8013065	VhI3IC9H
DOI:10.1016/j.aca.2015.07.012	DOI:10.1016/j.aca.2015.07.012	doi:10.1016/j.aca.2015.07.012	lKt4oMBO
DOI:10.1080/05704928.2014.954046	DOI:10.1080/05704928.2014.954046	doi:10.1080/05704928.2014.954046	1B2HdTk7M
DOI:10.3389/fchem.2021.813359	DOI:10.3389/fchem.2021.813359	doi:10.3389/fchem.2021.813359	18qirHBwQ
DOI:10.1146/annurev-anchem-071114-040325	DOI:10.1146/annurev-anchem-071114-040325	doi:10.1146/annurev-anchem-071114-040325	5vv7ID3o
DOI:10.1016/j.jasms.2007.11.013	DOI:10.1016/j.jasms.2007.11.013	doi:10.1016/j.jasms.2007.11.013	MooVAdBf
DOI:10.1002/9780470027318.a9309.pub2	DOI:10.1002/9780470027318.a9309.pub2	doi:10.1002/9780470027318.a9309.pub2	Uaum1m63
DOI:10.1021/ac4001223	DOI:10.1021/ac4001223	doi:10.1021/ac4001223	svXqfJ4D
DOI:10.1016/B978-0-12-814013-0.00005-3	DOI:10.1016/B978-0-12-814013-0.00005-3	doi:10.1016/b978-0-12-814013-0.00005-3	erGVtl2k
PMID:16401509	PMID:16401509	pubmed:16401509	EmIJDW71
DOI:10.1021/ac00106a008	DOI:10.1021/ac00106a008	doi:10.1021/ac00106a008	17hxbWgXF
DOI:10.1021/ac00219a003	DOI:10.1021/ac00219a003	doi:10.1021/ac00219a003	1ENeUykUA
DOI:10.1002/jms.703	DOI:10.1002/jms.703	doi:10.1002/jms.703	1GjxHekcM
DOI:10.1074/mcp.M500331-MCP200	DOI:10.1074/mcp.M500331-MCP200	doi:10.1074/mcp.m500331-mcp200	1B9P7OPqR
DOI:10.1007/s00216-003-2287-1	DOI:10.1007/s00216-003-2287-1	doi:10.1007/s00216-003-2287-1	9yFTjbpI
DOI:10.1021/ja00475a072	DOI:10.1021/ja00475a072	doi:10.1021/ja00475a072	Ddpn8u0F
DOI:10.1002/jms.659	DOI:10.1002/jms.659	doi:10.1002/jms.659	1AOQTDs57
DOI:10.1016/j.cbi.2008.09.014	DOI:10.1016/j.cbi.2008.09.014	doi:10.1016/j.cbi.2008.09.014	11skpaXK6
DOI:10.1039/C3AY41104D	DOI:10.1039/C3AY41104D	doi:10.1039/c3ay41104d	BaGpN1HP
DOI:10.1016/j.clinms.2019.09.002	DOI:10.1016/j.clinms.2019.09.002	doi:10.1016/j.clinms.2019.09.002	1ETD5TZZ8
doi:10.1103/PhysRev.69.674.2	doi:10.1103/PhysRev.69.674.2	doi:10.1103/physrev.69.674.2	EeH1Mu0v
DOI:10.1063/1.1770801	DOI:10.1063/1.1770801	doi:10.1063/1.1770801	kFLq1VDE
DOI:10.1063/1.1715212	DOI:10.1063/1.1715212	doi:10.1063/1.1715212	15YzDfo72
DOI:10.1101/657908	DOI:10.1101/657908	doi:10.1101/657908	eJibibTn
DOI:10.1021/acs.jproteome.1c00446	DOI:10.1021/acs.jproteome.1c00446	doi:10.1021/acs.jproteome.1c00446	KJYZ12ho
DOI:10.1074/mcp.M400161-MCP200	DOI:10.1074/mcp.M400161-MCP200	doi:10.1074/mcp.m400161-mcp200	cXsqAa1Y
DOI:10.1021/acs.analchem.0c04339	DOI:10.1021/acs.analchem.0c04339	doi:10.1021/acs.analchem.0c04339	OeUnezUK
DOI:10.1146/annurev-anchem-071213-020015	DOI:10.1146/annurev-anchem-071213-020015	doi:10.1146/annurev-anchem-071213-020015	2oFwzqFP
DOI:10.1039/D1MA00261A	DOI:10.1039/D1MA00261A	doi:10.1039/d1ma00261a	3O301V9H
DOI:10.1021/ac991131p	DOI:10.1021/ac991131p	doi:10.1021/ac991131p	1CdqYFQjZ
DOI:10.1016/j.chroma.2010.02.022	DOI:10.1016/j.chroma.2010.02.022	doi:10.1016/j.chroma.2010.02.022	1GyycMiIQ
DOI:10.1186/s12014-015-9102-9	DOI:10.1186/s12014-015-9102-9	doi:10.1186/s12014-015-9102-9	KRgCNqM9
DOI:10.1093/database/baab012	DOI:10.1093/database/baab012	doi:10.1093/database/baab012	m2ZOJt1R
DOI:10.1038/nmeth.4334	DOI:10.1038/nmeth.4334	doi:10.1038/nmeth.4334	184JFw6LL
DOI:10.1021/jasms.3c00072	DOI:10.1021/jasms.3c00072	doi:10.1021/jasms.3c00072	4x97ohIq
DOI:10.1016/j.tibtech.2016.02.014	DOI:10.1016/j.tibtech.2016.02.014	doi:10.1016/j.tibtech.2016.02.014	1B5HMmjdK
DOI:10.1038/s41467-021-27588-8	DOI:10.1038/s41467-021-27588-8	doi:10.1038/s41467-021-27588-8	BtlT8wee
DOI:10.1021/acs.analchem.1c03274	DOI:10.1021/acs.analchem.1c03274	doi:10.1021/acs.analchem.1c03274	1GNpqhnTj
URL:https://www.sciencedirect.com/science/article/abs/pii/0009261474891372	URL:https://www.sciencedirect.com/science/article/abs/pii/0009261474891372	url:https://www.sciencedirect.com/science/article/abs/pii/0009261474891372	wknKHPF0
DOI:10.1002/mas.21438	DOI:10.1002/mas.21438	doi:10.1002/mas.21438	HLEPjTl5
DOI:10.1071/EN15230	DOI:10.1071/EN15230	doi:10.1071/en15230	64lSPaQQ
DOI:10.1002/mas.20015	DOI:10.1002/mas.20015	doi:10.1002/mas.20015	Gw2v7q21
DOI:10.1021/ac8013669	DOI:10.1021/ac8013669	doi:10.1021/ac8013669	2Qw9ppKa
DOI:10.1016/j.drudis.2009.02.007	DOI:10.1016/j.drudis.2009.02.007	doi:10.1016/j.drudis.2009.02.007	ovFVXSFD
DOI:10.1021/ac504720m	DOI:10.1021/ac504720m	doi:10.1021/ac504720m	ODpFT5rK
DOI:10.1007/s13361-019-02288-2	DOI:10.1007/s13361-019-02288-2	doi:10.1007/s13361-019-02288-2	rfF30WBX
DOI:10.1021/acs.jproteome.5b00932	DOI:10.1021/acs.jproteome.5b00932	doi:10.1021/acs.jproteome.5b00932	D1WlSrbO
DOI:10.1016/j.trac.2019.03.030	DOI:10.1016/j.trac.2019.03.030	doi:10.1016/j.trac.2019.03.030	2aWp1Ns2
DOI:10.1021/acs.analchem.9b01838	DOI:10.1021/acs.analchem.9b01838	doi:10.1021/acs.analchem.9b01838	Gl9lNiar
DOI:10.1007/978-1-0716-0030-6_2	DOI:10.1007/978-1-0716-0030-6_2	doi:10.1007/978-1-0716-0030-6_2	NcqTCZMl
DOI:10.1002/9780470027318.a9292.pub2	DOI:10.1002/9780470027318.a9292.pub2	doi:10.1002/9780470027318.a9292.pub2	6pMoYbxP
DOI:10.1586/epr.12.50	DOI:10.1586/epr.12.50	doi:10.1586/epr.12.50	KCpIS4fP
DOI:10.1021/acs.analchem.0c00649	DOI:10.1021/acs.analchem.0c00649	doi:10.1021/acs.analchem.0c00649	VdxvCWch
DOI:10.1021/acs.analchem.8b02233	DOI:10.1021/acs.analchem.8b02233	doi:10.1021/acs.analchem.8b02233	E9GVLceZ
DOI:10.1016/j.chroma.2004.08.119	DOI:10.1016/j.chroma.2004.08.119	doi:10.1016/j.chroma.2004.08.119	EUzlbRbi
DOI:10.1016/j.ijms.2018.01.006	DOI:10.1016/j.ijms.2018.01.006	doi:10.1016/j.ijms.2018.01.006	CzOaytxB
DOI:10.1016/j.mcpro.2021.100138	DOI:10.1016/j.mcpro.2021.100138	doi:10.1016/j.mcpro.2021.100138	1FmNlvpSt
DOI:10.1021/ac502054p	DOI:10.1021/ac502054p	doi:10.1021/ac502054p	KgcabL7g
DOI:10.1021/acs.analchem.7b00185	DOI:10.1021/acs.analchem.7b00185	doi:10.1021/acs.analchem.7b00185	XOhnpKc9
DOI:10.1021/jasms.0c00434	DOI:10.1021/jasms.0c00434	doi:10.1021/jasms.0c00434	GwEAWw2z
DOI:10.1021/acs.jproteome.2c00838	DOI:10.1021/acs.jproteome.2c00838	doi:10.1021/acs.jproteome.2c00838	qAVrmvwM
DOI:10.1021/cr3003533	DOI:10.1021/cr3003533	doi:10.1021/cr3003533	V3WGOS1f
DOI:10.1021/ac201624t	DOI:10.1021/ac201624t	doi:10.1021/ac201624t	1DSKc93ie
DOI:10.1073/pnas.83.17.6233	DOI:10.1073/pnas.83.17.6233	doi:10.1073/pnas.83.17.6233	2MR1Pihs
DOI:10.1021/acs.analchem.9b05095	DOI:10.1021/acs.analchem.9b05095	doi:10.1021/acs.analchem.9b05095	zCNyqvc9
DOI:10.1021/ac052197p	DOI:10.1021/ac052197p	doi:10.1021/ac052197p	175VGosTe
DOI:10.1038/s41592-018-0003-5	DOI:10.1038/s41592-018-0003-5	doi:10.1038/s41592-018-0003-5	ylZpW7Vi
DOI:10.1002/bms.1200111109	DOI:10.1002/bms.1200111109	doi:10.1002/bms.1200111109	mZdxW2jk
ISBN:978-0121820947	ISBN:978-0121820947	isbn:9780121820947	ivBdKZgo
DOI:10.1063/1.471812	DOI:10.1063/1.471812	doi:10.1063/1.471812	12yIRpFcQ
DOI:10.1038/nmeth1060	DOI:10.1038/nmeth1060	doi:10.1038/nmeth1060	1DIcKpBMl
DOI:10.1021/ac8006076	DOI:10.1021/ac8006076	doi:10.1021/ac8006076	CrVLd8Zt
DOI:10.1002/mas.21549	DOI:10.1002/mas.21549	doi:10.1002/mas.21549	Lx0XDSc1
DOI:10.1115/1.4039144	DOI:10.1115/1.4039144	doi:10.1115/1.4039144	8fRsJhJf
DOI:10.1006/rwsp.2000.0143	DOI:10.1006/rwsp.2000.0143	doi:10.1006/rwsp.2000.0143	1DjnN7u2e
DOI:10.1021/pr0705136	DOI:10.1021/pr0705136	doi:10.1021/pr0705136	16Wowt3CO
DOI:10.1021/ac0497104	DOI:10.1021/ac0497104	doi:10.1021/ac0497104	Oadeotpz
PMID:11180630	PMID:11180630	pubmed:11180630	Ud7cg5Ze
DOI:10.1021/ac802330b	DOI:10.1021/ac802330b	doi:10.1021/ac802330b	VOcnSdY9
DOI:10.1038/nprot.2008.159	DOI:10.1038/nprot.2008.159	doi:10.1038/nprot.2008.159	oNkSkkq8
DOI:10.1007/s00726-014-1726-y	DOI:10.1007/s00726-014-1726-y	doi:10.1007/s00726-014-1726-y	XHvsh4uo
DOI:10.1021/ja973478k	DOI:10.1021/ja973478k	doi:10.1021/ja973478k	qWde4x
DOI:10.1073/pnas.0402700101	DOI:10.1073/pnas.0402700101	doi:10.1073/pnas.0402700101	GH22tfkO
DOI:10.1021/ja8019005	DOI:10.1021/ja8019005	doi:10.1021/ja8019005	OVsIcoNm
DOI:10.1016/j.jasms.2004.11.001	DOI:10.1016/j.jasms.2004.11.001	doi:10.1016/j.jasms.2004.11.001	xhXJM8vz
DOI:10.1021/acs.analchem.7b04810	DOI:10.1021/acs.analchem.7b04810	doi:10.1021/acs.analchem.7b04810	rqc6ScJr
DOI:10.1002/mas.21560	DOI:10.1002/mas.21560	doi:10.1002/mas.21560	HNURrSN7
DOI:https://doi.org/10.1021/ja011335z	DOI:https://doi.org/10.1021/ja011335z	doi:https://doi.org/10.1021/ja011335z	W7m8UNum
DOI:https://doi.org/10.1021/acs.analchem.5b00162	DOI:https://doi.org/10.1021/acs.analchem.5b00162	doi:https://doi.org/10.1021/acs.analchem.5b00162	BG48TsdY
DOI:10.1002/mas.21442	DOI:10.1002/mas.21442	doi:10.1002/mas.21442	ekbZzMCZ
DOI:10.1021/acs.analchem.9b05388	DOI:10.1021/acs.analchem.9b05388	doi:10.1021/acs.analchem.9b05388	16lajpfJg
DOI:10.1021/jacs.1c10757	DOI:10.1021/jacs.1c10757	doi:10.1021/jacs.1c10757	kcIkQ9U2
DOI:10.1002/ange.201206232	DOI:10.1002/ange.201206232	doi:10.1002/ange.201206232	dRBXpy4q
DOI:10.1021/acs.analchem.2c03030	DOI:10.1021/acs.analchem.2c03030	doi:10.1021/acs.analchem.2c03030	aQmCzpPg
DOI:10.1021/acs.bioconjchem.3c00254	DOI:10.1021/acs.bioconjchem.3c00254	doi:10.1021/acs.bioconjchem.3c00254	o0OmLG1e
DOI:10.1021/acs.analchem.8b01901	DOI:10.1021/acs.analchem.8b01901	doi:10.1021/acs.analchem.8b01901	UqS9JT46
DOI:10.1021/acs.jproteome.7b00622	DOI:10.1021/acs.jproteome.7b00622	doi:10.1021/acs.jproteome.7b00622	1Gs2JKxdE
DOI:10.1021/jasms.0c00425	DOI:10.1021/jasms.0c00425	doi:10.1021/jasms.0c00425	Vu5rNLFc
DOI:10.1074/mcp.M700073-MCP200	DOI:10.1074/mcp.M700073-MCP200	doi:10.1074/mcp.m700073-mcp200	eSdFYuAj
DOI:10.1021/ac050666h	DOI:10.1021/ac050666h	doi:10.1021/ac050666h	qyjSSKs7
DOI:10.1021/ac061457f	DOI:10.1021/ac061457f	doi:10.1021/ac061457f	c8aJxeOj
DOI:10.1016/j.jasms.2009.05.009	DOI:10.1016/j.jasms.2009.05.009	doi:10.1016/j.jasms.2009.05.009	TEQyYNF9
DOI:10.1021/ac3025366	DOI:10.1021/ac3025366	doi:10.1021/ac3025366	bsAhaObV
DOI:10.1016/j.jasms.2008.12.015	DOI:10.1016/j.jasms.2008.12.015	doi:10.1016/j.jasms.2008.12.015	oRY0m4xv
DOI:10.1021/ac000494i	DOI:10.1021/ac000494i	doi:10.1021/ac000494i	F58LowfZ
DOI:10.1021/acs.analchem.5b00881	DOI:10.1021/acs.analchem.5b00881	doi:10.1021/acs.analchem.5b00881	3mhY8AZ1
DOI:10.1002/anie.200903557	DOI:10.1002/anie.200903557	doi:10.1002/anie.200903557	pXrOdleW
DOI:10.1021/acs.analchem.0c02087	DOI:10.1021/acs.analchem.0c02087	doi:10.1021/acs.analchem.0c02087	1HZ2A5iku
DOI:10.1021/jasms.1c00284	DOI:10.1021/jasms.1c00284	doi:10.1021/jasms.1c00284	PWUQDl3j
DOI:10.1021/ac5036082	DOI:10.1021/ac5036082	doi:10.1021/ac5036082	1CD0nWWIP
URL:https://www.sciencedirect.com/science/article/abs/pii/S0009261402001495	URL:https://www.sciencedirect.com/science/article/abs/pii/S0009261402001495	url:https://www.sciencedirect.com/science/article/abs/pii/S0009261402001495	a9481fQj
DOI:10.1021/ja8087407	DOI:10.1021/ja8087407	doi:10.1021/ja8087407	3Q6WdA4H
DOI:10.1021/acs.analchem.7b00213	DOI:10.1021/acs.analchem.7b00213	doi:10.1021/acs.analchem.7b00213	1zm3p02B
DOI:10.1021/acs.analchem.9b04859	DOI:10.1021/acs.analchem.9b04859	doi:10.1021/acs.analchem.9b04859	M8hC7nxG
DOI:10.1039/c3cs60444f	DOI:10.1039/c3cs60444f	doi:10.1039/c3cs60444f	pP0K4nse
DOI:10.1021/acs.chemrev.9b00440	DOI:10.1021/acs.chemrev.9b00440	doi:10.1021/acs.chemrev.9b00440	YqEIuvCO
DOI:10.1021/acs.chemrev.9b00395	DOI:10.1021/acs.chemrev.9b00395	doi:10.1021/acs.chemrev.9b00395	zA5rBLH4
DOI:10.1016/j.jasms.2004.07.016	DOI:10.1016/j.jasms.2004.07.016	doi:10.1016/j.jasms.2004.07.016	XXMVxnKl
DOI:10.1002/anie.200460788	DOI:10.1002/anie.200460788	doi:10.1002/anie.200460788	UC6BHa63
DOI:10.1021/pr100515x	DOI:10.1021/pr100515x	doi:10.1021/pr100515x	145wzrCEm
DOI:10.1074/mcp.TIR119.001638	DOI:10.1074/mcp.TIR119.001638	doi:10.1074/mcp.tir119.001638	UoKcvT55
DOI:10.1016/j.jasms.2008.10.019	DOI:10.1016/j.jasms.2008.10.019	doi:10.1016/j.jasms.2008.10.019	168MaNzTm
DOI:10.1002/rcm.4184	DOI:10.1002/rcm.4184	doi:10.1002/rcm.4184	UrNcqFO2
DOI:10.1021/ac071241t	DOI:10.1021/ac071241t	doi:10.1021/ac071241t	cZOW0Gem
DOI:10.1021/ja076535a	DOI:10.1021/ja076535a	doi:10.1021/ja076535a	1ACL74GmA
DOI:10.1002/anie.200900613	DOI:10.1002/anie.200900613	doi:10.1002/anie.200900613	18sf2lBbl
DOI:10.1007/s13361-017-1721-0	DOI:10.1007/s13361-017-1721-0	doi:10.1007/s13361-017-1721-0	5SkV76Q3
DOI:10.1016/j.cbpa.2022.102180	DOI:10.1016/j.cbpa.2022.102180	doi:10.1016/j.cbpa.2022.102180	10TkrAfIp
DOI:10.1021/ja4029654	DOI:10.1021/ja4029654	doi:10.1021/ja4029654	KWENOLlt
DOI:10.1021/jasms.0c00106	DOI:10.1021/jasms.0c00106	doi:10.1021/jasms.0c00106	1A6jk9UQ3
DOI:10.1021/jasms.2c00288	DOI:10.1021/jasms.2c00288	doi:10.1021/jasms.2c00288	zJsJYkGj
DOI:10.1006/meth.1994.1031	DOI:10.1006/meth.1994.1031	doi:10.1006/meth.1994.1031	JpKe7ymh
DOI:10.1021/ac00104a020	DOI:10.1021/ac00104a020	doi:10.1021/ac00104a020	byV7q4rP
PMID:24203425	PMID:24203425	pubmed:24203425	1BU9KEnwO
DOI:10.1074/mcp.M113.031591	DOI:10.1074/mcp.M113.031591	doi:10.1074/mcp.m113.031591	vO5QsPvL
DOI:10.1038/nprot.2016.136	DOI:10.1038/nprot.2016.136	doi:10.1038/nprot.2016.136	Gs7HWzAD
DOI:10.1002/mas.20071	DOI:10.1002/mas.20071	doi:10.1002/mas.20071	66LthRpU
DOI:10.1021/pr0606880	DOI:10.1021/pr0606880	doi:10.1021/pr0606880	MaoP0MGM
DOI:10.1074/mcp.M900177-MCP200	DOI:10.1074/mcp.M900177-MCP200	doi:10.1074/mcp.m900177-mcp200	5H13CEWA
DOI:10.1002/pmic.200700057	DOI:10.1002/pmic.200700057	doi:10.1002/pmic.200700057	rRs3KNfz
DOI:10.1021/acs.jproteome.9b00492	DOI:10.1021/acs.jproteome.9b00492	doi:10.1021/acs.jproteome.9b00492	1EHOiWEPV
DOI:10.1016/j.mcpro.2021.100077	DOI:10.1016/j.mcpro.2021.100077	doi:10.1016/j.mcpro.2021.100077	XGf3EEUa
DOI:10.1021/pr800828p	DOI:10.1021/pr800828p	doi:10.1021/pr800828p	2D6WnK0w
DOI:10.1074/mcp.M700029-MCP200	DOI:10.1074/mcp.M700029-MCP200	doi:10.1074/mcp.m700029-mcp200	yqW0xFtN
DOI:10.1074/mcp.m111.009910	DOI:10.1074/mcp.m111.009910	doi:10.1074/mcp.m111.009910	h7UB5vUH
DOI:10.1021/pr100637q	DOI:10.1021/pr100637q	doi:10.1021/pr100637q	C0Uvh6dQ
DOI:10.1021/acs.analchem.7b00212	DOI:10.1021/acs.analchem.7b00212	doi:10.1021/acs.analchem.7b00212	YU1KHJ6Z
DOI:10.1021/pr301130k	DOI:10.1021/pr301130k	doi:10.1021/pr301130k	18YSDGQ7f
DOI:10.1021/ac801768s	DOI:10.1021/ac801768s	doi:10.1021/ac801768s	12LsVxcez
DOI:10.1002/pmic.201200384	DOI:10.1002/pmic.201200384	doi:10.1002/pmic.201200384	1BSd7ZIJx
DOI:10.1074/mcp.m900619-mcp200	DOI:10.1074/mcp.m900619-mcp200	doi:10.1074/mcp.m900619-mcp200	XAV4WUNo
DOI:10.1021/pr200154t	DOI:10.1021/pr200154t	doi:10.1021/pr200154t	DcoxXgj
DOI:10.1073/pnas.0404720101	DOI:10.1073/pnas.0404720101	doi:10.1073/pnas.0404720101	SngtJdsy
DOI:10.1002/pmic.200800283	DOI:10.1002/pmic.200800283	doi:10.1002/pmic.200800283	WtrZNDoq
DOI:10.1126/scisignal.aaa3139	DOI:10.1126/scisignal.aaa3139	doi:10.1126/scisignal.aaa3139	OCeJYJsg
DOI:10.1007/978-1-0716-1641-3_6	DOI:10.1007/978-1-0716-1641-3_6	doi:10.1007/978-1-0716-1641-3_6	GD2lTg3N
DOI:10.1038/nmeth.3811	DOI:10.1038/nmeth.3811	doi:10.1038/nmeth.3811	18oI6YEEE
DOI:10.1158/0008-5472.can-20-3804	DOI:10.1158/0008-5472.can-20-3804	doi:10.1158/0008-5472.can-20-3804	nO23Yma7
DOI:10.1038/s41467-018-03309-6	DOI:10.1038/s41467-018-03309-6	doi:10.1038/s41467-018-03309-6	rydRUvTU
DOI:10.1038/nmeth.4580	DOI:10.1038/nmeth.4580	doi:10.1038/nmeth.4580	aoK1gRMs
DOI:10.1021/ac0707838	DOI:10.1021/ac0707838	doi:10.1021/ac0707838	17Un7LUDR
DOI:10.1038/s41592-022-01524-0	DOI:10.1038/s41592-022-01524-0	doi:10.1038/s41592-022-01524-0	14IWO8iZc
DOI:10.1002/pmic.201200240	DOI:10.1002/pmic.201200240	doi:10.1002/pmic.201200240	xcaW4mpA
DOI:10.1073/pnas.2436191100	DOI:10.1073/pnas.2436191100	doi:10.1073/pnas.2436191100	1ELOuUl8I
DOI:10.1016/j.cell.2006.09.026	DOI:10.1016/j.cell.2006.09.026	doi:10.1016/j.cell.2006.09.026	uOTrEnEQ
DOI:10.1021/pr300257c	DOI:10.1021/pr300257c	doi:10.1021/pr300257c	GL3PYaNa
DOI:10.1080/14789450.2017.1322904	DOI:10.1080/14789450.2017.1322904	doi:10.1080/14789450.2017.1322904	wAKbWLXc
DOI:10.1016/j.ymeth.2013.05.004	DOI:10.1016/j.ymeth.2013.05.004	doi:10.1016/j.ymeth.2013.05.004	NQj9Wees
DOI:10.1002/pmic.200300670	DOI:10.1002/pmic.200300670	doi:10.1002/pmic.200300670	1FAMk6Qey
DOI:10.1021/pr034086h	DOI:10.1021/pr034086h	doi:10.1021/pr034086h	63Pqc9VE
DOI:10.1016/j.aca.2017.01.059	DOI:10.1016/j.aca.2017.01.059	doi:10.1016/j.aca.2017.01.059	iJJwYdQ1
DOI:10.1586/erm.12.32	DOI:10.1586/erm.12.32	doi:10.1586/erm.12.32	ba7F2Epn
DOI:10.1074/mcp.M700132-MCP200	DOI:10.1074/mcp.M700132-MCP200	doi:10.1074/mcp.m700132-mcp200	jcu6ZT0x
DOI:10.1038/nmeth1108-913	DOI:10.1038/nmeth1108-913	doi:10.1038/nmeth1108-913	eFcH0xbv
DOI:10.1074/mcp.O112.020131	DOI:10.1074/mcp.O112.020131	doi:10.1074/mcp.o112.020131	1Bt8NAhNo
DOI:10.1016/j.jprot.2014.10.017	DOI:10.1016/j.jprot.2014.10.017	doi:10.1016/j.jprot.2014.10.017	HB3XvRF2
DOI:10.1002/pmic.200300362	DOI:10.1002/pmic.200300362	doi:10.1002/pmic.200300362	dWzeUq6d
DOI:10.1038/nmeth705	DOI:10.1038/nmeth705	doi:10.1038/nmeth705	yn40ByaQ
DOI:10.1002/rcm.2550	DOI:10.1002/rcm.2550	doi:10.1002/rcm.2550	Z3Hfnak1
DOI:10.1021/ac900888s	DOI:10.1021/ac900888s	doi:10.1021/ac900888s	Wb9egjJg
DOI:10.1074/mcp.M110.001537	DOI:10.1074/mcp.M110.001537	doi:10.1074/mcp.m110.001537	OubW7j0g
DOI:10.1093/bioinformatics/btq031	DOI:10.1093/bioinformatics/btq031	doi:10.1093/bioinformatics/btq031	y71ZDsTJ
DOI:10.1186/1471-2105-10-244	DOI:10.1186/1471-2105-10-244	doi:10.1186/1471-2105-10-244	ckj0XYOM
DOI:10.1074/mcp.O111.016717	DOI:10.1074/mcp.O111.016717	doi:10.1074/mcp.o111.016717	11ccXv5xm
DOI:10.1038/nmeth.2528	DOI:10.1038/nmeth.2528	doi:10.1038/nmeth.2528	1GCjdtGKY
DOI:10.1074/mcp.RA117.000314	DOI:10.1074/mcp.RA117.000314	doi:10.1074/mcp.ra117.000314	1GvzNjeV3
DOI:10.1038/s41592-020-00998-0	DOI:10.1038/s41592-020-00998-0	doi:10.1038/s41592-020-00998-0	YKRUqViz
PMID:16009968	PMID:16009968	pubmed:16009968	imR1dFei
DOI:10.1016/j.jprot.2016.08.002	DOI:10.1016/j.jprot.2016.08.002	doi:10.1016/j.jprot.2016.08.002	wtH5a4Ax
DOI:10.1038/nbt.1511	DOI:10.1038/nbt.1511	doi:10.1038/nbt.1511	18PIzg2Co
DOI:10.1038/nmeth.4256	DOI:10.1038/nmeth.4256	doi:10.1038/nmeth.4256	bKpYR6PB
PMID:10612281	PMID:10612281	pubmed:10612281	rKtsv6G
DOI:10.1038/ncomms6277	DOI:10.1038/ncomms6277	doi:10.1038/ncomms6277	1B2RVFOKK
DOI:10.1002/rcm.1198	DOI:10.1002/rcm.1198	doi:10.1002/rcm.1198	IcvYCrHi
DOI:10.1093/bioinformatics/bth092	DOI:10.1093/bioinformatics/bth092	doi:10.1093/bioinformatics/bth092	iK4IJ8ED
DOI:10.1002/pmic.201200439	DOI:10.1002/pmic.201200439	doi:10.1002/pmic.201200439	jC0M4v7k
DOI:10.1093/bioinformatics/btq054	DOI:10.1093/bioinformatics/btq054	doi:10.1093/bioinformatics/btq054	CObAggjA
DOI:10.1038/s41592-019-0638-x	DOI:10.1038/s41592-019-0638-x	doi:10.1038/s41592-019-0638-x	1HLH2DWkK
DOI:10.1038/s41467-018-07454-w	DOI:10.1038/s41467-018-07454-w	doi:10.1038/s41467-018-07454-w	rYKhRHlv
DOI:10.1038/s41592-018-0260-3	DOI:10.1038/s41592-018-0260-3	doi:10.1038/s41592-018-0260-3	IUqTUA43
DOI:10.1074/mcp.M114.044305	DOI:10.1074/mcp.M114.044305	doi:10.1074/mcp.m114.044305	UKcaDUJ7
DOI:10.1038/nbt.3109	DOI:10.1038/nbt.3109	doi:10.1038/nbt.3109	B10jxZjh
DOI:10.1021/acs.jproteome.1c00678	DOI:10.1021/acs.jproteome.1c00678	doi:10.1021/acs.jproteome.1c00678	tZ6JV4UF
DOI:10.1074/mcp.R110.000133	DOI:10.1074/mcp.R110.000133	doi:10.1074/mcp.r110.000133	zsmAmqZJ
PMID:20013381	PMID:20013381	pubmed:20013381	fQHXeOG1
DOI:10.1074/mcp.R112.019695	DOI:10.1074/mcp.R112.019695	doi:10.1074/mcp.r112.019695	r2hPariY
DOI:10.1002/mas.21543	DOI:10.1002/mas.21543	doi:10.1002/mas.21543	1GxDrwPIW
DOI:10.1021/pr700600n	DOI:10.1021/pr700600n	doi:10.1021/pr700600n	bjANWlBN
PMID:17327847	PMID:17327847	pubmed:17327847	BrkRiRe8
DOI:10.1007/978-1-4939-3106-4_7	DOI:10.1007/978-1-4939-3106-4_7	doi:10.1007/978-1-4939-3106-4_7	5mQtZh5o
DOI:10.1021/acs.jproteome.6b00144	DOI:10.1021/acs.jproteome.6b00144	doi:10.1021/acs.jproteome.6b00144	B2OZyvg5
PMID:16729052	PMID:16729052	pubmed:16729052	9bP7w1xR
PMID:20013374	PMID:20013374	pubmed:20013374	w5NR3Ly9
PMID:21082435	PMID:21082435	pubmed:21082435	NY6IKEE4
PMID:21876204	PMID:21876204	pubmed:21876204	1FG7koZ0h
PMID:25418363	PMID:25418363	pubmed:25418363	15EklFALC
PMID:25631240	PMID:25631240	pubmed:25631240	KUnjPYby
PMID:26419769	PMID:26419769	pubmed:26419769	1ArAvfAkV
PMID:29400476	PMID:29400476	pubmed:29400476	7BQGCj33
PMID:31290668	PMID:31290668	pubmed:31290668	SKCHzO1U
PMID:36648445	PMID:36648445	pubmed:36648445	bBz09mFl
PMID:12403597	PMID:12403597	pubmed:12403597	10mgCOk6B
PMID:14632076	PMID:14632076	pubmed:14632076	4OdLMmDD
PMID:23667905	PMID:23667905	pubmed:23667905	l6NqXxi8
PMID:27231314	PMID:27231314	pubmed:27231314	WlEQJK9j
PMID:29596608	PMID:29596608	pubmed:29596608	DzOnRsF8
PMID:31305071	PMID:31305071	pubmed:31305071	8GgfngeF
PMID:32956841	PMID:32956841	pubmed:32956841	2XDHE8d9
PMID:36674563	PMID:36674563	pubmed:36674563	146pjMaXB
PMID:18806791	PMID:18806791	pubmed:18806791	KbIsieWP
URL:https://psidev.info/mzSpecLib	URL:https://psidev.info/mzSpecLib	url:https://psidev.info/mzSpecLib	M0N5UGce
PMID:26122521	PMID:26122521	pubmed:26122521	1C0ZGb77k
DOI:10.1101/2022.02.07.479481	DOI:10.1101/2022.02.07.479481	doi:10.1101/2022.02.07.479481	zzSgLIrm
PMID:35184559	PMID:35184559	pubmed:35184559	fgRTHCzN
DOI:10.1002/pmic.201190020	DOI:10.1002/pmic.201190020	doi:10.1002/pmic.201190020	JXLIvVI6
DOI:10.1002/pmic.201000578	DOI:10.1002/pmic.201000578	doi:10.1002/pmic.201000578	8dt10izl
DOI:10.1002/mas.21544	DOI:10.1002/mas.21544	doi:10.1002/mas.21544	196I1uWdL
DOI:10.1101/2021.07.23.453379	DOI:10.1101/2021.07.23.453379	doi:10.1101/2021.07.23.453379	9ocWQ3g2
DOI:10.1021/acs.jproteome.8b00173	DOI:10.1021/acs.jproteome.8b00173	doi:10.1021/acs.jproteome.8b00173	mKMrKqLf
DOI:10.1021/acs.jproteome.0c00866	DOI:10.1021/acs.jproteome.0c00866	doi:10.1021/acs.jproteome.0c00866	AI1wddvh
DOI:10.1021/acs.jproteome.0c00956	DOI:10.1021/acs.jproteome.0c00956	doi:10.1021/acs.jproteome.0c00956	MotUU8WD
DOI:10.1021/pr300163u	DOI:10.1021/pr300163u	doi:10.1021/pr300163u	fVgT4RCS
DOI:10.1074/mcp.RA118.000648	DOI:10.1074/mcp.RA118.000648	doi:10.1074/mcp.ra118.000648	gR6OKDGy
DOI:10.1021/pr201219e	DOI:10.1021/pr201219e	doi:10.1021/pr201219e	IrACRvhj
DOI:10.1093/bioinformatics/btt510	DOI:10.1093/bioinformatics/btt510	doi:10.1093/bioinformatics/btt510	N0V314Nq
DOI:10.1038/nmeth.3959	DOI:10.1038/nmeth.3959	doi:10.1038/nmeth.3959	ZJ3s73nL
DOI:10.1093/bioinformatics/btu305	DOI:10.1093/bioinformatics/btu305	doi:10.1093/bioinformatics/btu305	LpMjs9Ht
DOI:10.1074/mcp.M116.064774	DOI:10.1074/mcp.M116.064774	doi:10.1074/mcp.m116.064774	BVhBtZ2w
DOI:10.1021/acs.jproteome.5b00780	DOI:10.1021/acs.jproteome.5b00780	doi:10.1021/acs.jproteome.5b00780	R1U4dX3A
DOI:10.1093/bioadv/vbab041	DOI:10.1093/bioadv/vbab041	doi:10.1093/bioadv/vbab041	Nix1GwUR
DOI:10.1016/j.jprot.2018.12.004	DOI:10.1016/j.jprot.2018.12.004	doi:10.1016/j.jprot.2018.12.004	mkpI0rxh
DOI:10.1016/j.biosystems.2022.104661	DOI:10.1016/j.biosystems.2022.104661	doi:10.1016/j.biosystems.2022.104661	1wPiXyAt
DOI:10.1021/pr050300l	DOI:10.1021/pr050300l	doi:10.1021/pr050300l	127vja7uh
DOI:10.1093/bib/bbw095	DOI:10.1093/bib/bbw095	doi:10.1093/bib/bbw095	1CKzlqjbM
DOI:10.1186/1471-2105-13-S16-S5	DOI:10.1186/1471-2105-13-S16-S5	doi:10.1186/1471-2105-13-s16-s5	mkTOg0QU
DOI:10.1021/pr401264n	DOI:10.1021/pr401264n	doi:10.1021/pr401264n	rXBG8g4V
DOI:10.1038/s41587-022-01440-w	DOI:10.1038/s41587-022-01440-w	doi:10.1038/s41587-022-01440-w	11NAEs2KF
DOI:10.15252/msb.202110240	DOI:10.15252/msb.202110240	doi:10.15252/msb.202110240	l6oCMFXG
DOI:10.1093/bib/bbx008	DOI:10.1093/bib/bbx008	doi:10.1093/bib/bbx008	c2k0gkjF
DOI:10.1093/bioinformatics/19.2.185	DOI:10.1093/bioinformatics/19.2.185	doi:10.1093/bioinformatics/19.2.185	scfU7NxG
DOI:10.1038/nbt.2931	DOI:10.1038/nbt.2931	doi:10.1038/nbt.2931	HCKwDoRr
DOI:10.1093/bioinformatics/btaa904	DOI:10.1093/bioinformatics/btaa904	doi:10.1093/bioinformatics/btaa904	ZgHkHm7E
DOI:10.1093/bioinformatics/btp426	DOI:10.1093/bioinformatics/btp426	doi:10.1093/bioinformatics/btp426	nxZj1qHr
DOI:10.1021/acs.analchem.8b05592	DOI:10.1021/acs.analchem.8b05592	doi:10.1021/acs.analchem.8b05592	lZkCFiQ5
DOI:10.1074/mcp.M800514-MCP200	DOI:10.1074/mcp.M800514-MCP200	doi:10.1074/mcp.m800514-mcp200	10U5RhkON
DOI:10.1021/acs.jproteome.8b00523	DOI:10.1021/acs.jproteome.8b00523	doi:10.1021/acs.jproteome.8b00523	DvZ7JWPs
DOI:10.1093/bioinformatics/btad461	DOI:10.1093/bioinformatics/btad461	doi:10.1093/bioinformatics/btad461	9nRMPWST
DOI:10.1093/bioinformatics/btp362	DOI:10.1093/bioinformatics/btp362	doi:10.1093/bioinformatics/btp362	15hSlFzuu
DOI:10.1007/s12561-009-9013-2	DOI:10.1007/s12561-009-9013-2	doi:10.1007/s12561-009-9013-2	jmZQxVay
DOI:10.1093/bioinformatics/btr597	DOI:10.1093/bioinformatics/btr597	doi:10.1093/bioinformatics/btr597	RwK8wIx4
DOI:10.1093/bioinformatics/17.6.520	DOI:10.1093/bioinformatics/17.6.520	doi:10.1093/bioinformatics/17.6.520	gcRMhkMM
DOI:10.1093/bioinformatics/btm069	DOI:10.1093/bioinformatics/btm069	doi:10.1093/bioinformatics/btm069	PuoOF9VV
DOI:10.1038/s41598-017-19120-0	DOI:10.1038/s41598-017-19120-0	doi:10.1038/s41598-017-19120-0	7LvdRbeH
DOI:10.1186/s12859-019-3110-0	DOI:10.1186/s12859-019-3110-0	doi:10.1186/s12859-019-3110-0	l8NlGvoh
DOI:10.1038/s41598-021-81279-4	DOI:10.1038/s41598-021-81279-4	doi:10.1038/s41598-021-81279-4	ZwtivmR2
DOI:10.1016/j.tibtech.2017.02.012	DOI:10.1016/j.tibtech.2017.02.012	doi:10.1016/j.tibtech.2017.02.012	142g5e11W
DOI:10.1038/nrg2825	DOI:10.1038/nrg2825	doi:10.1038/nrg2825	mPnIAH38
DOI:10.1093/bfgp/3.4.322	DOI:10.1093/bfgp/3.4.322	doi:10.1093/bfgp/3.4.322	10L8J7McB
DOI:10.1093/biostatistics/kxj037	DOI:10.1093/biostatistics/kxj037	doi:10.1093/biostatistics/kxj037	1HahRBkyb
DOI:10.1371/journal.pone.0017238	DOI:10.1371/journal.pone.0017238	doi:10.1371/journal.pone.0017238	cna9kCVu
DOI:10.1093/biostatistics/kxr034	DOI:10.1093/biostatistics/kxr034	doi:10.1093/biostatistics/kxr034	O7sERbhY
DOI:10.1038/nbt.4091	DOI:10.1038/nbt.4091	doi:10.1038/nbt.4091	kILCvszy
DOI:10.1038/s41587-019-0113-3	DOI:10.1038/s41587-019-0113-3	doi:10.1038/s41587-019-0113-3	12Z3TdwON
DOI:10.1002/pmic.202100103	DOI:10.1002/pmic.202100103	doi:10.1002/pmic.202100103	98DcNOmC
DOI:10.1016/j.cels.2021.06.006	DOI:10.1016/j.cels.2021.06.006	doi:10.1016/j.cels.2021.06.006	1GJKaTKqC
DOI:10.1089/omi.2013.0017	DOI:10.1089/omi.2013.0017	doi:10.1089/omi.2013.0017	IGJNx1OA
DOI:10.1016/j.euprot.2015.08.001	DOI:10.1016/j.euprot.2015.08.001	doi:10.1016/j.euprot.2015.08.001	LCdBFAHO
DOI:10.1186/1471-2105-11-177	DOI:10.1186/1471-2105-11-177	doi:10.1186/1471-2105-11-177	ZhPBaP2m
DOI:10.1016/j.xcrp.2022.101069	DOI:10.1016/j.xcrp.2022.101069	doi:10.1016/j.xcrp.2022.101069	1KFEQehj
DOI:10.1038/s41598-022-09954-8	DOI:10.1038/s41598-022-09954-8	doi:10.1038/s41598-022-09954-8	7uMxquUf
DOI:10.3233/JAD-201318	DOI:10.3233/JAD-201318	doi:10.3233/jad-201318	dqOuwBB4
DOI:10.1021/acs.jproteome.2c00117	DOI:10.1021/acs.jproteome.2c00117	doi:10.1021/acs.jproteome.2c00117	LamN4xBz
DOI:10.1038/nrc1322	DOI:10.1038/nrc1322	doi:10.1038/nrc1322	wJCp8LYF
DOI:10.1371/journal.pone.0271260	DOI:10.1371/journal.pone.0271260	doi:10.1371/journal.pone.0271260	16jVcFgBv
DOI:10.1093/jamia/ocac093	DOI:10.1093/jamia/ocac093	doi:10.1093/jamia/ocac093	65gghDCg
DOI:10.1016/j.healun.2021.01.1160	DOI:10.1016/j.healun.2021.01.1160	doi:10.1016/j.healun.2021.01.1160	4k6ers10
DOI:10.1371/journal.pone.0118432	DOI:10.1371/journal.pone.0118432	doi:10.1371/journal.pone.0118432	LB4mDas6
PMID:22192575	PMID:22192575	pubmed:22192575	KDnDuk25
URL:https://www.ncbi.nlm.nih.gov/genome/annotation_euk/process	URL:https://www.ncbi.nlm.nih.gov/genome/annotation_euk/process	url:https://www.ncbi.nlm.nih.gov/genome/annotation_euk/process	12mAW7BXf
URL:https://www.uniprot.org/help/biocuration	URL:https://www.uniprot.org/help/biocuration	url:https://www.uniprot.org/help/biocuration	BRlMNUOW
URL:https://www.psidev.info/sites/default/files/2018-03/MIAPE_MSI_1.1.pdf	URL:https://www.psidev.info/sites/default/files/2018-03/MIAPE_MSI_1.1.pdf	url:https://www.psidev.info/sites/default/files/2018-03/MIAPE_MSI_1.1.pdf	1EbCD9r1v
PMID:23500130	PMID:23500130	pubmed:23500130	paTtvUb8
PMID:14681372	PMID:14681372	pubmed:14681372	16uefmiYk
URL:https://www.uniprot.org/help/sequence_origin	URL:https://www.uniprot.org/help/sequence_origin	url:https://www.uniprot.org/help/sequence_origin	1BIF8v4YE
URL:https://www.uniprot.org/help/manual_curation	URL:https://www.uniprot.org/help/manual_curation	url:https://www.uniprot.org/help/manual_curation	Q2scu90J
URL:https://github.com/pwilmart/fasta_utilities	URL:https://github.com/pwilmart/fasta_utilities	url:https://github.com/pwilmart/fasta_utilities	16BHXvDGS
PMID:26418581	PMID:26418581	pubmed:26418581	1GfGl6YGi
URL:https://www.ncbi.nlm.nih.gov/datasets	URL:https://www.ncbi.nlm.nih.gov/datasets	url:https://www.ncbi.nlm.nih.gov/datasets	uPHDl2Vm
URL:https://www.ncbi.nlm.nih.gov/genome/annotation_euk/all	URL:https://www.ncbi.nlm.nih.gov/genome/annotation_euk/all	url:https://www.ncbi.nlm.nih.gov/genome/annotation_euk/all	tg8zlLqI
URL:https://www.ncbi.nlm.nih.gov/refseq/about/prokaryotes	URL:https://www.ncbi.nlm.nih.gov/refseq/about/prokaryotes	url:https://www.ncbi.nlm.nih.gov/refseq/about/prokaryotes	xpZWsuGI
URL:https://www.ncbi.nlm.nih.gov/genome/annotation_euk/status	URL:https://www.ncbi.nlm.nih.gov/genome/annotation_euk/status	url:https://www.ncbi.nlm.nih.gov/genome/annotation_euk/status	BfmLo0uT
URL:https://www.ncbi.nlm.nih.gov/guide/training-tutorials	URL:https://www.ncbi.nlm.nih.gov/guide/training-tutorials	url:https://www.ncbi.nlm.nih.gov/guide/training-tutorials	fWjGnKWy
PMID:32786681	PMID:32786681	pubmed:32786681	17gB3bs6x
URL:https://ensembl.org	URL:https://ensembl.org	url:https://ensembl.org	69obv795
URL:ensemblgenomes.org	URL:ensemblgenomes.org	url:ensemblgenomes.org	1EGyqGdLr
PMID:18790129	PMID:18790129	pubmed:18790129	OeXy2hrh
URL:https://www.thegpm.org/crap	URL:https://www.thegpm.org/crap	url:https://www.thegpm.org/crap	jwgBjKOg
PMID:32669682	PMID:32669682	pubmed:32669682	WdwXXrRx
DOI:10.1101/2022.04.27.489766	DOI:10.1101/2022.04.27.489766	doi:10.1101/2022.04.27.489766	m8bjbzJ5
PMID:20641139	PMID:20641139	pubmed:20641139	CnwgtVyY
PMID:33532042	PMID:33532042	pubmed:33532042	1CIFGLtYQ
PMID:23921808	PMID:23921808	pubmed:23921808	wUllSafI
PMID:31475827	PMID:31475827	pubmed:31475827	EyM6Y0Xm
PMID:34236864	PMID:34236864	pubmed:34236864	qgZxt4hu
PMID:30560673	PMID:30560673	pubmed:30560673	12o52Fhcj
PMID:26125591	PMID:26125591	pubmed:26125591	Lovg2liS
PMID:27975281	PMID:27975281	pubmed:27975281	nMWQwf9T
PMID:34046695	PMID:34046695	pubmed:34046695	43dscula
PMID:34761267	PMID:34761267	pubmed:34761267	xeKEaOVF
PMID:21572181	PMID:21572181	pubmed:21572181	D6gNmWdp
PMID:33237311	PMID:33237311	pubmed:33237311	uSY25K4H
PMID:27616995	PMID:27616995	pubmed:27616995	Es98brAH
PMID:30064421	PMID:30064421	pubmed:30064421	awUpRsoz
PMID:16751849	PMID:16751849	pubmed:16751849	12ufdjSBQ
PMID:15616139	PMID:15616139	pubmed:15616139	1FZ0vcua3
URL:https://www.ebi.ac.uk/training/online/courses/network-analysis-of-protein-interaction-data-an-introduction/building-and-analysing-ppins/topological-ppin-analysis/closeness-centrality/	URL:https://www.ebi.ac.uk/training/online/courses/network-analysis-of-protein-interaction-data-an-introduction/building-and-analysing-ppins/topological-ppin-analysis/closeness-centrality/	url:https://www.ebi.ac.uk/training/online/courses/network-analysis-of-protein-interaction-data-an-introduction/building-and-analysing-ppins/topological-ppin-analysis/closeness-centrality/	KQtBgFa0
PMID:17447836	PMID:17447836	pubmed:17447836	1BmdBEJEB
PMID:20158874	PMID:20158874	pubmed:20158874	1H6bETSCb
PMID:17087821	PMID:17087821	pubmed:17087821	11gPEmZWK
PMID:12525261	PMID:12525261	pubmed:12525261	iqdatwR1
PMID:26215734	PMID:26215734	pubmed:26215734	WJOtOvRY
PMID:14597658	PMID:14597658	pubmed:14597658	8oE5lYNw
PMID:36512705	PMID:36512705	pubmed:36512705	jrtjRoft
DOI:10.1007/978-1-4939-6783-4	DOI:10.1007/978-1-4939-6783-4	doi:10.1007/978-1-4939-6783-4	h0C6mgc4
DOI:10.1016/j.ddtec.2021.06.007	DOI:10.1016/j.ddtec.2021.06.007	doi:10.1016/j.ddtec.2021.06.007	CaFLiife
DOI:10.1152/physiolgenomics.00298.2007	DOI:10.1152/physiolgenomics.00298.2007	doi:10.1152/physiolgenomics.00298.2007	QlVqCOZZ
PMID:10802651	PMID:10802651	pubmed:10802651	IFevKgND
PMID:10592173	PMID:10592173	pubmed:10592173	15ZNlTPZi
PMID:30445427	PMID:30445427	pubmed:30445427	f3o81IaL
PMID:33060801	PMID:33060801	pubmed:33060801	10dRpS3qN
PMID:34788843	PMID:34788843	pubmed:34788843	DhTe2WLI
PMID:25430566	PMID:25430566	pubmed:25430566	rlKsqE1k
PMID:33290552	PMID:33290552	pubmed:33290552	1FmAqWcpa
DOI:10.1371/journal.pcbi.1009935	DOI:10.1371/journal.pcbi.1009935	doi:10.1371/journal.pcbi.1009935	7xIEHm2N
PMID:32695141	PMID:32695141	pubmed:32695141	HNlvs4Yk
DOI:10.2307/2340521	DOI:10.2307/2340521	doi:10.2307/2340521	TWAPY3zr
PMID:35263338	PMID:35263338	pubmed:35263338	ArmIWAfa
PMID:16199517	PMID:16199517	pubmed:16199517	tt0Vdf4C
PMID:24133454	PMID:24133454	pubmed:24133454	6gI0wLAR
DOI:10.3410/f.727201931.793589848	DOI:10.3410/f.727201931.793589848	doi:10.3410/f.727201931.793589848	1BeN7jMiD
DOI:10.1101/2020.06.21.163543	DOI:10.1101/2020.06.21.163543	doi:10.1101/2020.06.21.163543	15Ki75h8
DOI:10.1016/j.physrep.2009.11.002	DOI:10.1016/j.physrep.2009.11.002	doi:10.1016/j.physrep.2009.11.002	fXCPx62A
https://doi.org/10.7554/eLife.34477	https://doi.org/10.7554/eLife.34477	url:https://doi.org/10.7554/eLife.34477	eZTqkAjM
DOI:10.1101/2020.12.22.423928	DOI:10.1101/2020.12.22.423928	doi:10.1101/2020.12.22.423928	kBc66YMI
PMID:33325715	PMID:33325715	pubmed:33325715	YKUlYryb
PMID:18429251	PMID:18429251	pubmed:18429251	vegaUWlG
DOI:10.1073/pnas.1821309116	DOI:10.1073/pnas.1821309116	doi:10.1073/pnas.1821309116	PnnbHO9a
DOI:10.1038/s41586-021-03819-2	DOI:10.1038/s41586-021-03819-2	doi:10.1038/s41586-021-03819-2	yZfcMIwh
PMID:34282049	PMID:34282049	pubmed:34282049	1AwSDaTyL
PMID:23203878	PMID:23203878	pubmed:23203878	tIYr5DF7
PMID:21534921	PMID:21534921	pubmed:21534921	CRgkwTQA
DOI:10.2147/AABC.S70333	DOI:10.2147/AABC.S70333	doi:10.2147/aabc.s70333	iOQeUEPU
PMID:2231712	PMID:2231712	pubmed:2231712	jcOtxABy
DOI:10.1038/s42256-022-00457-9	DOI:10.1038/s42256-022-00457-9	doi:10.1038/s42256-022-00457-9	daqSjHIW
DOI:10.1016/j.cels.2021.05.017	DOI:10.1016/j.cels.2021.05.017	doi:10.1016/j.cels.2021.05.017	nf5EVAMJ
PMID:32133759	PMID:32133759	pubmed:32133759	wLlg6SzE
DOI:10.1002/wcms.1448	DOI:10.1002/wcms.1448	doi:10.1002/wcms.1448	YBdYtUv
DOI:10.1093/nar/gkt1131	DOI:10.1093/nar/gkt1131	doi:10.1093/nar/gkt1131	bUq8ZzIL
DOI:10.1016/j.cell.2022.10.017	DOI:10.1016/j.cell.2022.10.017	doi:10.1016/j.cell.2022.10.017	171wjW4dP
DOI:10.1016/j.mrrev.2017.05.002	DOI:10.1016/j.mrrev.2017.05.002	doi:10.1016/j.mrrev.2017.05.002	pGJ2GFbE
DOI:10.1016/j.molcel.2015.04.028	DOI:10.1016/j.molcel.2015.04.028	doi:10.1016/j.molcel.2015.04.028	DdiSq79q
DOI:10.1126/science.1225829	DOI:10.1126/science.1225829	doi:10.1126/science.1225829	15T32hvm6
DOI:10.1007/s00294-019-01040-3	DOI:10.1007/s00294-019-01040-3	doi:10.1007/s00294-019-01040-3	hRIRSidU
DOI:10.1016/j.lfs.2022.120409	DOI:10.1016/j.lfs.2022.120409	doi:10.1016/j.lfs.2022.120409	1uwXNnEt
DOI:10.1007/s11427-021-2057-0	DOI:10.1007/s11427-021-2057-0	doi:10.1007/s11427-021-2057-0	EPXqJmJj
DOI:10.1007/s12033-022-00639-1	DOI:10.1007/s12033-022-00639-1	doi:10.1007/s12033-022-00639-1	rUUeN4Sh
DOI:10.3390/genes14010129	DOI:10.3390/genes14010129	doi:10.3390/genes14010129	VFV60BPa
DOI:10.3390/cells9071608	DOI:10.3390/cells9071608	doi:10.3390/cells9071608	sAa18GbX
DOI:10.3390/biology9120421	DOI:10.3390/biology9120421	doi:10.3390/biology9120421	n2p9cQ7
DOI:10.2174/1566523216666160524144041	DOI:10.2174/1566523216666160524144041	doi:10.2174/1566523216666160524144041	1G6PkBlEo
DOI:10.3390/cells8080796	DOI:10.3390/cells8080796	doi:10.3390/cells8080796	6NVK2tsy
DOI:10.1016/B978-0-12-418687-3.00008-2	DOI:10.1016/B978-0-12-418687-3.00008-2	doi:10.1016/b978-0-12-418687-3.00008-2	idh43eOQ
DOI:10.1007/978-1-61779-126-0_2	DOI:10.1007/978-1-61779-126-0_2	doi:10.1007/978-1-61779-126-0_2	S1IrclG6
DOI:10.1002/pmic.201800222	DOI:10.1002/pmic.201800222	doi:10.1002/pmic.201800222	BwuqP6B4
DOI:10.1002/0471140864.ps3003s78	DOI:10.1002/0471140864.ps3003s78	doi:10.1002/0471140864.ps3003s78	gFNDbBK5
DOI:10.1371/journal.pone.0155028	DOI:10.1371/journal.pone.0155028	doi:10.1371/journal.pone.0155028	TJFHVsUt
DOI:10.1021/acs.chemrev.1c00857	DOI:10.1021/acs.chemrev.1c00857	doi:10.1021/acs.chemrev.1c00857	T6IYjbu4
DOI:10.1016/j.cbpa.2022.102225	DOI:10.1016/j.cbpa.2022.102225	doi:10.1016/j.cbpa.2022.102225	8UcGwfym
DOI:10.21775/cimb.016.001	DOI:10.21775/cimb.016.001	doi:10.21775/cimb.016.001	fYmIhIvC
DOI:10.1038/nrg2484	DOI:10.1038/nrg2484	doi:10.1038/nrg2484	9ByCq3fI
DOI:10.3390/ijms20143479	DOI:10.3390/ijms20143479	doi:10.3390/ijms20143479	1Hf5Cuj4t
DOI:10.1093/bfgp/1.3.230	DOI:10.1093/bfgp/1.3.230	doi:10.1093/bfgp/1.3.230	UJonPw7t
DOI:10.1007/s00216-014-7980-8	DOI:10.1007/s00216-014-7980-8	doi:10.1007/s00216-014-7980-8	btMVdgTk
DOI:10.1016/j.jbiotec.2016.06.012	DOI:10.1016/j.jbiotec.2016.06.012	doi:10.1016/j.jbiotec.2016.06.012	zrB7Yy5d
DOI:10.1016/j.jinorgbio.2022.111986	DOI:10.1016/j.jinorgbio.2022.111986	doi:10.1016/j.jinorgbio.2022.111986	hPao2o3e
DOI:10.2174/1389203721666200213102829	DOI:10.2174/1389203721666200213102829	doi:10.2174/1389203721666200213102829	LY7mqhu6
DOI:10.4149/gpb_2021035	DOI:10.4149/gpb_2021035	doi:10.4149/gpb_2021035	18Csai5qq
DOI:10.1038/340245a0	DOI:10.1038/340245a0	doi:10.1038/340245a0	19CwS2HX
DOI:10.3390/ijms10062763	DOI:10.3390/ijms10062763	doi:10.3390/ijms10062763	2PC5fx0I
DOI:10.1016/j.drudis.2020.01.022	DOI:10.1016/j.drudis.2020.01.022	doi:10.1016/j.drudis.2020.01.022	1DnPkHRsA
DOI:10.3390/ijms160922456	DOI:10.3390/ijms160922456	doi:10.3390/ijms160922456	1G5hcMdry
DOI:10.1038/s41592-019-0530-8	DOI:10.1038/s41592-019-0530-8	doi:10.1038/s41592-019-0530-8	636RraOs
DOI:10.1016/j.cbpa.2011.10.014	DOI:10.1016/j.cbpa.2011.10.014	doi:10.1016/j.cbpa.2011.10.014	zTlZpc1k
DOI:10.1007/s00253-020-11049-1	DOI:10.1007/s00253-020-11049-1	doi:10.1007/s00253-020-11049-1	13oBuESdH
DOI:10.3390/ijms16046718	DOI:10.3390/ijms16046718	doi:10.3390/ijms16046718	feT5EHvH
DOI:10.1038/nmeth841	DOI:10.1038/nmeth841	doi:10.1038/nmeth841	o1iijZBV
DOI:10.3390/mi13101789	DOI:10.3390/mi13101789	doi:10.3390/mi13101789	168qPRxga
DOI:10.1016/j.bpc.2019.106218	DOI:10.1016/j.bpc.2019.106218	doi:10.1016/j.bpc.2019.106218	6egqfZ9W
DOI:10.1016/j.jprot.2022.104620	DOI:10.1016/j.jprot.2022.104620	doi:10.1016/j.jprot.2022.104620	ZhoKgqsC
DOI:10.1016/j.jid.2017.09.028	DOI:10.1016/j.jid.2017.09.028	doi:10.1016/j.jid.2017.09.028	RXiPqFRh
DOI:10.1007/82_2013_334	DOI:10.1007/82_2013_334	doi:10.1007/82_2013_334	1F8ZvcEeH
DOI:10.1016/j.str.2022.03.003	DOI:10.1016/j.str.2022.03.003	doi:10.1016/j.str.2022.03.003	3LymzGVH
DOI:10.1042/EBC20220177	DOI:10.1042/EBC20220177	doi:10.1042/ebc20220177	yxw6FRju
DOI:10.1016/j.cbpa.2020.07.008	DOI:10.1016/j.cbpa.2020.07.008	doi:10.1016/j.cbpa.2020.07.008	4T3MaN5d
DOI:10.1016/bs.apcsb.2017.07.003	DOI:10.1016/bs.apcsb.2017.07.003	doi:10.1016/bs.apcsb.2017.07.003	H3H5bwtx
DOI:10.1371/journal.pcbi.1007128	DOI:10.1371/journal.pcbi.1007128	doi:10.1371/journal.pcbi.1007128	YuJbg3zO
